date,departamento,id_entidad,nombre_entidad,id_sucursal,nombre_sucursal,latitud,longitud
2021-11-26,beni,591,JUAN CARLOS VARGAS CHOQUE,1996,Riberalta,-11.002197,-66.077244
2021-11-21,beni,609,LIDER SPORT,1423,Riberalta,-14.831573,-64.908008
2021-11-21,beni,653,NUEVO SUPERMERCADO TRINIDAD,1515,,-14.824615,-64.900449
2021-11-21,beni,653,NUEVO SUPERMERCADO TRINIDAD,1517,SUPTRINIDAD,-14.824608,-64.900419
2021-11-21,beni,774,EMAPA - EMPRESA DE APOYO A LA PRODUCCION DE ALIMENTOS,1843,Sucursal 13,-14.839911,-64.903045
2021-11-23,beni,774,EMAPA - EMPRESA DE APOYO A LA PRODUCCION DE ALIMENTOS,1897,Sucursal 40,-14.832127,-64.902676
2021-11-23,beni,774,EMAPA - EMPRESA DE APOYO A LA PRODUCCION DE ALIMENTOS,1899,Sucursal 13 C/4,-13.257834,-64.056134
2021-11-26,beni,821,REPRESENTACIONES BE ABSTRU - MULTITIENDA SHIN TENPO,1986,,-14.836968,-64.903474
2021-12-09,beni,821,MULTITIENDA SHIN TENPO-REPRESENTACIONES BE ABSTRU,2118,Sucursal 2,-14.834736,-64.904748
2021-12-04,beni,866,DISTRIBUIDORA RAQUEL,2084,,-14.837958,-64.904174
2021-12-22,beni,967,JOSE ERNESTO GIL SEMPERTEGUI,2354,,-14.833364,-64.901264
2021-12-24,beni,985,ANGEL GUILLEN MAMANI,2388,,-14.832797,-64.901946
2021-12-29,beni,994,SUPERMERCADO LA FAMILIA SRL,2412,,-14.827713,-64.902844
2021-12-29,beni,996,ERCILIA TORRICO ROJAS,2415,,-14.439127,-67.528812
2021-12-30,beni,996,ALMACEN COCHABAMBA,2419,ALMACEN COCHABAMBA,-14.439184,-67.528638
2021-12-16,chuquisaca,588,COMPAÑIA DE ALIMENTOS LTDA.,2255,Ag. Sucre,-19.046504,-65.246314
2021-11-21,chuquisaca,589,PIL ANDINA S.A.,1385,SCR BODEGA CENTRAL Bpil SRE-01 / BO64,-19.033133,-65.254865
2021-11-21,chuquisaca,589,PIL ANDINA S.A.,1386,SCR BODEGA MERCADO CAMPESINO Bpil SRE-03 / BO67,-19.034796,-65.251963
2021-11-21,chuquisaca,589,PIL ANDINA S.A.,1387,SCR BODEGA SETESUR Bpil SRE-04 / BO68,-19.032494,-65.253717
2021-11-21,chuquisaca,589,PIL ANDINA S.A.,1388,SCR BODEGA SETESUR Bpil SRE-05 / BB61,-19.037068,-65.250005
2021-11-24,chuquisaca,589,PIL ANDINA S.A.,1916,Suc Calle Nataniel Aguirre 880,-19.035125,-65.253156
2021-11-24,chuquisaca,589,PIL ANDINA S.A.,1917,Suc MERCADO EL MORRO - BB62,-19.027222,-65.248495
2021-11-24,chuquisaca,589,PIL ANDINA S.A.,1918,Suc AVENIDA LAS AMERICAS 474 - BB63,-19.043140,-65.244992
2021-11-21,chuquisaca,774,EMAPA - EMPRESA DE APOYO A LA PRODUCCION DE ALIMENTOS,1817,SUCURSAL 14,-19.032393,-65.252339
2021-11-21,chuquisaca,774,EMAPA - EMPRESA DE APOYO A LA PRODUCCION DE ALIMENTOS,1820,SUPER EMAPA SUCRE CENTRO,-19.049545,-65.257141
2021-11-21,chuquisaca,791,JOFRASA LIMITADA,1874,,-19.036760,-65.243911
2021-11-25,chuquisaca,815,MARIA EUGENIA CABEZAS MENDOZA,1969,,-19.805330,-63.956877
2021-11-25,chuquisaca,815,MARIA EUGENIA CABEZAS MENDOZA,1970,COMERCIAL DAVCER,-19.805392,-63.956778
2021-11-25,chuquisaca,816,SISTEMA INFORMATIVO EMPRESARIAL - CALZART BOLIVIA,1978,Sucursal  Sucre 3,-19.041711,-65.256657
2021-11-27,chuquisaca,829,SOBRE LA ROCA - AGRONEGOCIOS,2007,,-19.033377,-65.235347
2021-11-30,chuquisaca,829,SOBRE LA ROCA - AGRONEGOCIOS,2046,Tienda Ravelo,-19.045035,-65.260409
2021-11-30,chuquisaca,829,SOBRE LA ROCA - AGRONEGOCIOS,2047,Tienda Loa,-19.046188,-65.262138
2021-11-27,chuquisaca,832,PRODUCTOS ALIMENTICIOS SABROSITO,2018,,-19.037319,-65.250064
2021-11-27,chuquisaca,832,PRODUCTOS ALIMENTICIOS SABROSITO,2028,SABROSITO ,-19.014937,-65.287639
2021-12-02,chuquisaca,853,PURE COTTON - ZECOMTEX ZEGARRA COMERCIALIZADORA DE TEXTILES S.R.L.,2065,Pure Cotton Sucre,-19.046917,-65.259511
2021-12-03,chuquisaca,863,MARIBEL TERRAZAS YUCRA DE VELASQUEZ,2080,,-19.029908,-65.256635
2021-12-16,chuquisaca,928,DAMABRAVA,2267,SUCURSAL 1,-19.027259,-65.256474
2021-12-16,chuquisaca,928,DAMABRAVA,2266,,-19.027364,-65.256563
2021-12-18,chuquisaca,940,SOLUR S.R.L.,2303,,-19.047626,-65.239748
2021-12-21,chuquisaca,940,SOLUR S.R.L.,2329,CHOCOLATES PARA TI AGENCIA AUDIENCIA,-19.048922,-65.259226
2021-12-22,chuquisaca,966,"""SUPER ABASTO SUR LIMITADA"" ""SAS LTDA.""",2353,,-19.051267,-65.261852
2021-12-30,chuquisaca,997,CENTRAL DE COOPERATIVAS EL CEIBO RL,2427,Agencia Sucre,-19.044256,-65.257390
2021-12-30,chuquisaca,999,ENVIBOL,2431,ENVIBOL Zudañez,-19.122837,-64.705567
2021-11-21,cochabamba,584,CONSULTORA DE GESTION PRODUCTIVA EMPRESARIAL CAPRA S.R.L.,1282,,-17.394873,-66.139699
2021-11-21,cochabamba,585,"""PROALBO"" PRODUCTOS ALIMENTICIOS BOLIVIANOS S.R.L.",1284,Quintanilla,-17.385352,-66.107765
2021-11-21,cochabamba,588,COMPAÑIA DE ALIMENTOS LTDA.,1329,Ag. Cbba Zona Sur,-17.419333,-66.142032
2021-11-21,cochabamba,588,COMPAÑIA DE ALIMENTOS LTDA.,1328,Ag. America,-17.372996,-66.153051
2021-12-15,cochabamba,588,COMPAÑIA DE ALIMENTOS LTDA.,2242,Ag. Circunvalación CBBA,-17.373207,-66.121997
2021-12-16,cochabamba,588,COMPAÑIA DE ALIMENTOS LTDA.,2250,Ag. Oquendo CBBA,-17.392111,-66.149655
2021-12-16,cochabamba,588,COMPAÑIA DE ALIMENTOS LTDA.,2251,Aq. America Oeste CBBA,-17.371638,-66.174712
2021-11-21,cochabamba,589,PIL ANDINA S.A.,1289,PIL Express Sarco,-17.372379,-66.183296
2021-11-21,cochabamba,589,PIL ANDINA S.A.,1291,AGENCIA POS HONDURAS,-17.401580,-66.151608
2021-11-21,cochabamba,589,PIL ANDINA S.A.,1288,,-17.391141,-66.254404
2021-11-21,cochabamba,589,PIL ANDINA S.A.,1334,POS Ayacucho,-17.385995,-66.159946
2021-11-21,cochabamba,589,PIL ANDINA S.A.,1343,CBBA BODEGA QUILLACOLLO PLAZA BOLIVAR BPil CBBA-01,-17.394644,-66.282144
2021-11-21,cochabamba,589,PIL ANDINA S.A.,1344,CBBA BODEGA JUAN PABLO BPil CBBA-02 / BOA8,-17.392246,-66.196767
2021-11-21,cochabamba,589,PIL ANDINA S.A.,1345,CBBA BODEGA CRUCE TAQUIÑA BPil CBBA-03 / BB11,-17.354293,-66.188179
2021-11-21,cochabamba,589,PIL ANDINA S.A.,1346,CBBA BODEGA CALA CALA  BPil CBBA-04 / BB12,-17.368476,-66.164205
2021-11-21,cochabamba,589,PIL ANDINA S.A.,1347,CBBA BODEGA TIQUIPAYA  BPil CBBA-06 / BB13,-17.337181,-66.221411
2021-11-21,cochabamba,589,PIL ANDINA S.A.,1348,CBBA BODEGA MCDO 10 DE FEBRERO BPil CBBA-07 / BB14,-17.362434,-66.181473
2021-11-21,cochabamba,589,PIL ANDINA S.A.,1349,CBBA BODEGA AMERICA BPil CBBA-08 / BB15,-17.371774,-66.171844
2021-11-21,cochabamba,589,PIL ANDINA S.A.,1350,CBBA BODEGA QUILLACOLLO CENTRO  BPil CBBA-09 / BB1,-17.396556,-66.279256
2021-11-21,cochabamba,589,PIL ANDINA S.A.,1351,CBBA BODEGA MCDO INGAVI BPil CBBA-10 / BB16,-17.389860,-66.170755
2021-11-21,cochabamba,589,PIL ANDINA S.A.,1352,CBBA BODEGA PACATA BPil CBBA-11 / BB17,-17.373383,-66.126460
2021-11-21,cochabamba,589,PIL ANDINA S.A.,1353,CBBA BODEGA QUILLACOLLO NORTE BPil CBBA-12 / BB18,-17.393014,-66.282711
2021-11-21,cochabamba,589,PIL ANDINA S.A.,1354,CBBA BODEGA IMBA  BPil CBBA-13 / BB19,-17.392973,-66.199272
2021-11-21,cochabamba,589,PIL ANDINA S.A.,1355,CBBA BODEGA PAPA PAULO BPil CBBA-14 / BOA9,-17.383589,-66.147575
2021-11-21,cochabamba,589,PIL ANDINA S.A.,1356,CBBA BODEGA ZONA SUR  BPil CBBA-15 / BOA5,-17.434791,-66.156421
2021-11-21,cochabamba,589,PIL ANDINA S.A.,1357,CBBA BODEGA PANAMERICANA BPil CBBA-16 / BO14,-17.423316,-66.158369
2021-11-21,cochabamba,589,PIL ANDINA S.A.,1358,CBBA BODEGA SACABA BPil CBBA-17 / BM14,-17.401634,-66.036655
2021-11-21,cochabamba,589,PIL ANDINA S.A.,1359,CBBA BODEGA REPUBLICA BPil CBBA-18 / BB04,-17.413182,-66.151084
2021-11-21,cochabamba,589,PIL ANDINA S.A.,1360,CBBA BODEGA CENTRO BPil CBBA-19 / BB01,-17.396187,-66.154683
2021-11-21,cochabamba,589,PIL ANDINA S.A.,1361,CBBA BODEGA COLCAPIRHUA  BPil CBBA-20 / BB02,-17.390592,-66.242338
2021-11-21,cochabamba,589,PIL ANDINA S.A.,1362,CBBA BODEGA PLAZA DE GRANOS BPil CBBA-21 / BB03,-17.398125,-66.283547
2021-12-04,cochabamba,589,PIL ANDINA S.A.,2089,CBB - Bodega AV ALBINA PATIÑO BB53,-17.390636,-66.244453
2021-12-04,cochabamba,589,PIL ANDINA S.A.,2090,CBB - Bodega AV SUECIA ENRTE AV. ROSSELL BB00,-17.419223,-66.147311
2021-12-04,cochabamba,589,PIL ANDINA S.A.,2091,CBB - Bodega AV.SUAREZ MIRANDA E/CARMELA CERRUTO Y,-17.393926,-66.280601
2021-12-04,cochabamba,589,PIL ANDINA S.A.,2092,CBB - Bodega Calle Bolívar BS12,-17.391864,-66.148580
2021-12-04,cochabamba,589,PIL ANDINA S.A.,2093,CBB - AV AYACUCHO ESQ LA PAZ BS35,-17.386253,-66.160221
2021-11-21,cochabamba,590,EMPRESA BOLIVIANA DE ALIMENTOS Y DERIVADOS - EBA,1822,VILLA TUNARI,-16.973157,-65.419647
2021-12-16,cochabamba,590,EMPRESA BOLIVIANA DE ALIMENTOS Y DERIVADOS - EBA,2279,VALLE SACTA,-17.114532,-64.791823
2021-11-21,cochabamba,596,INDUSTRIAS ALIMENTICIAS GUSTOSSI S.R.L.,1309,Agencia Cochabamba,-17.400084,-66.163140
2021-11-21,cochabamba,598,SANTOS NINA QUISPE,1308,,-17.416592,-66.150240
2021-11-21,cochabamba,602,EDEL-FASHON,1414,,-17.391146,-66.169415
2021-11-21,cochabamba,612,ROBERTO COLQUE PEREZ,1427,KEBRAZ,-17.403924,-66.040860
2021-11-21,cochabamba,612,ROBERTO COLQUE PEREZ,1428,KEBRAZ RCP,-17.403021,-66.156116
2021-11-21,cochabamba,612,ROBERTO COLQUE PEREZ,1426,,-17.433144,-66.118589
2021-12-14,cochabamba,612,KEBRAZ RCP,2208,Kebraz RCP,-17.397190,-66.158198
2021-11-21,cochabamba,613,SUÑA SUAVE DULZURA,1430,Misky - Suave Dulzura (Feria Franca 2 de Agosto),-17.372193,-66.158915
2021-11-21,cochabamba,613,SUÑA SUAVE DULZURA,1429,,-17.386595,-66.181568
2021-11-21,cochabamba,614,"Pedro Alfonso Rocha Reynolds (4Arroyos, productos naturales)",1432,4 Arroyos (Feria Franca América),-17.371703,-66.158735
2021-11-21,cochabamba,614,"Pedro Alfonso Rocha Reynolds (4Arroyos, productos naturales)",1431,,-17.396147,-66.157101
2021-11-21,cochabamba,633,ALEJANDRO GONZALES RAMOS,1469,ENFOQUES -TIENDA,-17.405045,-66.156071
2021-11-21,cochabamba,633,ALEJANDRO GONZALES RAMOS,1468,,-17.426027,-66.133459
2021-12-29,cochabamba,633,ALEJANDRO GONZALES RAMOS,2409,Enfoques ,-17.405076,-66.156100
2021-11-21,cochabamba,638,GROVER VELASQUEZ COSME,1491,,-17.368125,-66.279371
2021-11-21,cochabamba,641,FACHITAS JKF COLLECTION,1499,,-17.370989,-66.156107
2021-11-21,cochabamba,649,HAMMER JEANS,1511,,-17.388540,-66.153040
2021-12-02,cochabamba,668,SOCIEDAD INDUSTRIAL MOLINERA S.A. SIMSA,2055,SIMSA Cochabamba,-17.348956,-66.200132
2021-11-21,cochabamba,670,INSUMOS BOLIVIA,1546,Chillimarca -  CBBA,-17.342664,-66.206062
2021-12-08,cochabamba,670,INSUMOS BOLIVIA,2107,planta - Ivirgarzama,-17.053062,-64.850417
2021-11-21,cochabamba,686,INDUSTRIAS MALUCI,1571,,-17.403348,-66.075549
2021-11-21,cochabamba,687,FELICIA GALLARDO CUELLAR,1572,,-17.400104,-66.161733
2021-11-21,cochabamba,688,G CASA CLUB,1573,,-17.460713,-66.268158
2021-11-21,cochabamba,688,G CASA CLUB,1865,Tienda melchor,-17.387452,-66.178612
2021-11-21,cochabamba,710,SEMILLA VIDA,1715,,-17.346549,-66.167093
2021-11-21,cochabamba,731,LUZ MARY ZELAYA VIDAURRE,1744,,-17.392996,-66.199360
2021-11-21,cochabamba,734,HELADOS FRAGOLA,1749,,-17.372035,-66.172733
2021-11-21,cochabamba,737,MILI ESTELA MATTOS CORDOVA,1754,,-17.411413,-66.143066
2021-11-21,cochabamba,740,MARINA ELY PARI CUNURANA,1757,,-17.432001,-66.112817
2021-11-21,cochabamba,743,INDUMACO DE NELLY FELICIDAD QUIROGA ROJAS,1763,,-17.401183,-66.156216
2021-11-21,cochabamba,749,WARAS SABORNATURAL S.R.L.,1771,,-17.354320,-66.183438
2021-11-21,cochabamba,751,MIRIAM PARI CUNURANA,1774,,-17.432515,-66.112722
2021-11-21,cochabamba,755,SACHAECOS,1785,,-17.447152,-66.126968
2021-11-21,cochabamba,756,MARIBEL CESPEDES SIERRA VDA DE RAMOS,1787,,-17.400174,-66.178310
2021-11-21,cochabamba,756,MARIBEL CESPEDES SIERRA VDA DE RAMOS,1788,MI CREACIONES,-17.394991,-66.154929
2021-11-21,cochabamba,762,DELI SANDRA,1794,,-17.403713,-66.021901
2021-11-21,cochabamba,762,DELI SANDRA,1795,,-17.403713,-66.021901
2021-11-21,cochabamba,770,BOLIVIA PRODUCIENDO QUINUA,1809,,-17.377158,-66.091203
2021-11-21,cochabamba,770,BOLIVIA PRODUCIENDO QUINUA,1811,Fantásticas Andinas,-17.394522,-66.157514
2021-11-21,cochabamba,772,OTTO-TEX,1813,,-17.425047,-66.134403
2021-11-21,cochabamba,774,EMAPA - EMPRESA DE APOYO A LA PRODUCCION DE ALIMENTOS,1835,Super Emapa Zona Sud - Suc 82,-17.437664,-66.124142
2021-11-21,cochabamba,774,EMAPA - EMPRESA DE APOYO A LA PRODUCCION DE ALIMENTOS,1839,Super Emapa Shinahota,-16.993324,-65.243094
2021-11-23,cochabamba,774,EMAPA - EMPRESA DE APOYO A LA PRODUCCION DE ALIMENTOS,1890,Sucursal 11,-17.399347,-66.143671
2021-11-23,cochabamba,774,EMAPA - EMPRESA DE APOYO A LA PRODUCCION DE ALIMENTOS,1891,Sucursal 61,-17.389986,-66.161302
2021-11-23,cochabamba,774,EMAPA - EMPRESA DE APOYO A LA PRODUCCION DE ALIMENTOS,1892,Sucursal 65,-17.393423,-66.284490
2021-11-23,cochabamba,774,EMAPA - EMPRESA DE APOYO A LA PRODUCCION DE ALIMENTOS,1893,Sucursal 66,-17.429269,-66.156219
2021-11-21,cochabamba,785,OPTIMUS,1860,,-17.398033,-66.148677
2021-11-21,cochabamba,786,LA CHURA TARIJA,1866,,-17.384363,-66.096114
2021-11-21,cochabamba,787,ALBERTO QUIROGA AGREDA,1867,,-17.372808,-66.163082
2021-11-21,cochabamba,788,GRUPO INDUSTRIAL SAXSAY S.R.L.,1868,,-17.365360,-66.165754
2021-11-21,cochabamba,789,JORDAN PASTOR CALVI CONDORI,1869,,-17.408745,-66.147464
2021-11-21,cochabamba,789,JORDAN PASTOR CALVI CONDORI,1870,JHELAMS,-17.408490,-66.147740
2021-12-27,cochabamba,792,EVITON,2400,Esteban Arce. Pasillo San Crispin,-17.402913,-66.155054
2021-11-23,cochabamba,796,LUIS MARCELO MAQUE CHOQUE,1898,,-17.446737,-66.109975
2021-11-23,cochabamba,798,TMG COMERCIALIZADORA S.R.L.,1910,Burbank,-17.373191,-66.154981
2021-12-02,cochabamba,802,(STEGE - TORITO) SOCIEDAD COMERCIAL AGROPECUARIA TUSEQUIS LTDA.,2054,Stege - Torito Cochabamba,-17.395714,-66.192984
2021-11-25,cochabamba,810,CREACIONES RICHARD,1952,,-17.403026,-66.154954
2021-11-26,cochabamba,816,SISTEMA INFORMATIVO EMPRESARIAL - CALZART BOLIVIA,1988,Sucursal Cochabamba 4,-17.377823,-66.187968
2021-11-26,cochabamba,819,INDUSTRIA LACTEA CALIFORNIA,1981,,-17.419475,-66.213443
2021-12-02,cochabamba,831,"SOCIEDAD INDUSTRIAL Y COMERCIAL ""LA FRANCESA"" S.A.",2068,AG. AYACUCHO,-17.384135,-66.158088
2021-12-04,cochabamba,831,"SOCIEDAD INDUSTRIAL Y COMERCIAL ""LA FRANCESA"" S.A.",2094,AGENCIA AYACUCHO,-17.394287,-66.158330
2021-12-12,cochabamba,831,"SOCIEDAD INDUSTRIAL Y COMERCIAL ""LA FRANCESA"" S.A.",2189,AGENCIA SANTA CRUZ,-17.377778,-66.157106
2021-12-12,cochabamba,831,"SOCIEDAD INDUSTRIAL Y COMERCIAL ""LA FRANCESA"" S.A.",2190,AGENCIA PAPA PAULO,-17.384013,-66.146394
2021-12-12,cochabamba,831,"SOCIEDAD INDUSTRIAL Y COMERCIAL ""LA FRANCESA"" S.A.",2191,AGENCIA QUINTANILLA,-17.383681,-66.111278
2021-12-12,cochabamba,831,"SOCIEDAD INDUSTRIAL Y COMERCIAL ""LA FRANCESA"" S.A.",2192,AGENCIA AMERICA OESTE,-17.371988,-66.173060
2021-12-12,cochabamba,831,"SOCIEDAD INDUSTRIAL Y COMERCIAL ""LA FRANCESA"" S.A.",2193,AGENCIA SIMON LOPEZ,-17.366279,-66.166371
2021-12-12,cochabamba,831,"SOCIEDAD INDUSTRIAL Y COMERCIAL ""LA FRANCESA"" S.A.",2195,AGENCIA PERU,-17.389696,-66.170416
2021-12-12,cochabamba,831,"SOCIEDAD INDUSTRIAL Y COMERCIAL ""LA FRANCESA"" S.A.",2196,AGENCIA PACATA,-17.373575,-66.124925
2021-12-12,cochabamba,831,"SOCIEDAD INDUSTRIAL Y COMERCIAL ""LA FRANCESA"" S.A.",2188,AGENCIA JORDAN,-17.395276,-66.155492
2021-11-27,cochabamba,840,INDUSTRIAS FASER,2037,,-17.432412,-66.156881
2021-12-02,cochabamba,853,PURE COTTON - ZECOMTEX ZEGARRA COMERCIALIZADORA DE TEXTILES S.R.L.,2066,Pure Cotton Cochabamba,-17.375440,-66.151045
2021-12-03,cochabamba,857,SENOVIA LOURDES APAZA PACO,2073,,-17.380196,-66.211822
2021-12-03,cochabamba,858,MAYC-TEO CONFECCIONES,2074,,-17.419003,-66.149031
2021-12-09,cochabamba,880,CONFECCIONES AYAVIRI,2116,,-17.421951,-66.140545
2021-12-09,cochabamba,888,HEIDY ESTRADA QUISPE,2135,,-17.362338,-66.140386
2021-12-09,cochabamba,888,HEIDY ESTRADA QUISPE,2137,CAMPO FERIAL ALALAY - FEICOBOL,-17.420481,-66.130783
2021-12-14,cochabamba,902,RUSSII SHOES,2206,,-17.351326,-66.161321
2021-12-15,cochabamba,903,CUERO GENUINO,2211,,-17.396627,-66.227282
2021-12-15,cochabamba,909,"""VILLA IMPERIAL INDUSTRIAL S.R.L.""",2227,25 de Mayo,-17.389518,-66.155929
2021-12-15,cochabamba,909,"""VILLA IMPERIAL INDUSTRIAL S.R.L.""",2228,Prado,-17.385836,-66.156858
2021-12-15,cochabamba,909,"""VILLA IMPERIAL INDUSTRIAL S.R.L.""",2229,Aranjuez,-17.373288,-66.154920
2021-12-16,cochabamba,920,MIELCOCAPATA,2247,,-17.400678,-66.313825
2021-12-16,cochabamba,927,GEOTERMA,2263,,-17.355252,-66.151040
2021-12-16,cochabamba,927,GEOTERMA,2264,GEOTERMA,-17.355265,-66.151034
2021-12-18,cochabamba,944,CALZADOS STAR LINE,2310,,-17.382005,-66.260874
2021-12-21,cochabamba,954,MODAS ESTEFANI,2332,,-17.461562,-66.149027
2021-12-21,cochabamba,955,CREACIONES ACAPA Y G.,2335,,-17.444699,-66.117708
2021-12-22,cochabamba,964,CALZADOS MILARO,2349,,-17.424708,-66.163859
2021-12-22,cochabamba,965,COMPAÑIA INDUSTRIAL AGRICOLA DE CAFE NUEVA ESPERANZA NUÑEZ S.R.L.,2350,,-17.423659,-66.158104
2021-12-22,cochabamba,965,COMPAÑIA INDUSTRIAL AGRICOLA DE CAFE NUEVA ESPERANZA NUÑEZ S.R.L.,2351,Sucursal 1,-17.393676,-66.158759
2021-12-22,cochabamba,965,COMPAÑIA INDUSTRIAL AGRICOLA DE CAFE NUEVA ESPERANZA NUÑEZ S.R.L.,2352,Sucursal 2,-17.423630,-66.158131
2021-12-24,cochabamba,976,CREACIONES AMBAR,2374,,-17.380147,-66.084729
2021-12-24,cochabamba,978,ELE COSMÉTICOS,2377,,-17.357986,-66.180468
2021-12-24,cochabamba,978,ELE COSMÉTICOS,2378,Almacén Nonna Nancy,-17.375061,-66.143931
2021-12-24,cochabamba,978,ELE COSMÉTICOS,2379,Taller Ele Cosméticos,-17.358053,-66.180458
2021-12-24,cochabamba,984,RH7,2387,,-17.454306,-66.163940
2021-12-28,cochabamba,991,METALGAS,2404,,-17.444558,-66.160495
2021-12-30,cochabamba,997,CENTRAL DE COOPERATIVAS EL CEIBO RL,2423,AGENCIA COCHABAMBA,-17.392520,-66.157607
2021-11-21,la paz,586,ALGAAR,1285,,-16.521888,-68.147303
2021-11-21,la paz,586,ALGAAR,1473,Wayna emprendimientos,-16.510000,-68.126502
2021-11-21,la paz,587,WIPHAL S.R.L.,1877,Feria 16 de Julio El alto,-16.497841,-68.165585
2021-11-21,la paz,588,COMPAÑIA DE ALIMENTOS LTDA.,1287,,-16.533105,-68.132087
2021-11-21,la paz,588,COMPAÑIA DE ALIMENTOS LTDA.,1319,Ag. Cota Cota,-16.540835,-68.063095
2021-11-21,la paz,588,COMPAÑIA DE ALIMENTOS LTDA.,1304,Ag Los Pinos,-16.545197,-68.073786
2021-11-21,la paz,588,COMPAÑIA DE ALIMENTOS LTDA.,1320,Ag. Irpavi,-16.525330,-68.085862
2021-11-21,la paz,588,COMPAÑIA DE ALIMENTOS LTDA.,1322,Agencia Pampahasi,-16.501782,-68.104927
2021-11-21,la paz,588,COMPAÑIA DE ALIMENTOS LTDA.,1307,Ag Villarroel,-16.484995,-68.121744
2021-11-21,la paz,588,COMPAÑIA DE ALIMENTOS LTDA.,1323,Agencia Avaroa,-16.509738,-68.126733
2021-11-21,la paz,588,COMPAÑIA DE ALIMENTOS LTDA.,1310,Ag. Achumani,-16.530940,-68.072681
2021-11-21,la paz,588,COMPAÑIA DE ALIMENTOS LTDA.,1311,Ag. Miraflores,-16.501666,-68.121149
2021-11-21,la paz,588,COMPAÑIA DE ALIMENTOS LTDA.,1312,Ag. Villa Copacabana,-16.490803,-68.117919
2021-11-21,la paz,588,COMPAÑIA DE ALIMENTOS LTDA.,1313,Ag. Faro Murillo,-16.512297,-68.153662
2021-11-21,la paz,588,COMPAÑIA DE ALIMENTOS LTDA.,1314,Ag. Ventilla,-16.619472,-68.183231
2021-11-21,la paz,588,COMPAÑIA DE ALIMENTOS LTDA.,1315,Ag. Zona Franca,-16.554884,-68.185320
2021-11-21,la paz,588,COMPAÑIA DE ALIMENTOS LTDA.,1316,Ag. Obrajes,-16.529701,-68.102303
2021-11-21,la paz,588,COMPAÑIA DE ALIMENTOS LTDA.,1317,Ag. San Pedro,-16.503096,-68.137752
2021-11-21,la paz,588,COMPAÑIA DE ALIMENTOS LTDA.,1318,Ag. Sopocachi,-16.509684,-68.126862
2021-11-21,la paz,588,COMPAÑIA DE ALIMENTOS LTDA.,1549,Agencia Mercado Yungas,-16.497137,-68.129673
2021-11-21,la paz,588,COMPAÑIA DE ALIMENTOS LTDA.,1778,Ag. San Jorge,-16.497300,-68.136100
2021-11-21,la paz,588,COMPAÑIA DE ALIMENTOS LTDA.,1779,Ag. Villa Adela,-16.531858,-68.194132
2021-11-21,la paz,588,COMPAÑIA DE ALIMENTOS LTDA.,1780,Ag. Colon,-16.498644,-68.133868
2021-12-03,la paz,588,COMPAÑIA DE ALIMENTOS LTDA.,2076,Yanacocha - Potosi,-16.495943,-68.135756
2021-12-07,la paz,588,COMPAÑIA DE ALIMENTOS LTDA.,2105,Ag. Ferias BM,-16.550637,-68.209246
2021-12-15,la paz,588,COMPAÑIA DE ALIMENTOS LTDA.,2241,Ag. Alto Lima,-16.486206,-68.172097
2021-12-16,la paz,588,COMPAÑIA DE ALIMENTOS LTDA.,2256,Ag. Chasquipampa,-16.537504,-68.048166
2021-12-16,la paz,588,COMPAÑIA DE ALIMENTOS LTDA.,2257,Ag. San Pedro,-16.502949,-68.135509
2021-11-21,la paz,589,PIL ANDINA S.A.,1338,Pos Planta LP BO25,-16.490552,-68.203488
2021-11-21,la paz,589,PIL ANDINA S.A.,1337,Pil Express San Miguel LP BM25,-16.540565,-68.080577
2021-11-21,la paz,589,PIL ANDINA S.A.,1363,LPZ BODEGA ACHUMANI Bpil LPZ-01 / BO28,-16.529895,-68.074457
2021-11-21,la paz,589,PIL ANDINA S.A.,1364,LPZ BODEGA SAN PEDRO  Bpil LPZ-02 / BO26,-16.499890,-68.139806
2021-11-21,la paz,589,PIL ANDINA S.A.,1365,LPZ BODEGA CHASQUIPAMPA Bpil LPZ-03 / BO27,-16.537012,-68.046927
2021-11-21,la paz,589,PIL ANDINA S.A.,1366,LPZ BODEGA TEMBLADERANI Bpil LPZ-04 / BO29,-16.513947,-68.141517
2021-11-21,la paz,589,PIL ANDINA S.A.,1367,LPZ BODEGA MIRAFLORES Bpil LPZ-05 / BB21,-16.491115,-68.123047
2021-11-21,la paz,589,PIL ANDINA S.A.,1368,LPZ BODEGA IRPAVI Bpil LPZ-06 / BB22,-16.524922,-68.087605
2021-11-21,la paz,589,PIL ANDINA S.A.,1369,LPZ BODEGA BUENOS AIRES Bpil LPZ-08 / BB24,-16.503053,-68.144693
2021-11-21,la paz,589,PIL ANDINA S.A.,1370,LPZ BODEGA CRUCE DE VILLAS Bpil LPZ-09 / BB25,-16.493882,-68.117055
2021-11-21,la paz,589,PIL ANDINA S.A.,1371,LPZ BODEGA AV. SAAVEDRA Bpil LPZ-10 / BB26,-16.505738,-68.120467
2021-11-21,la paz,589,PIL ANDINA S.A.,1372,LPZ BODEGA SOPOCACHI Bpil LPZ-12 / BB28,-16.509585,-68.129962
2021-11-21,la paz,589,PIL ANDINA S.A.,1373,LPZ BODEG EL TEJAR Bpil LPZ-13 / BB29,-16.495461,-68.154172
2021-11-21,la paz,589,PIL ANDINA S.A.,1374,LPZ BODEGA PAMPAHASI Bpil LPZ-14 / BB20,-16.501412,-68.104975
2021-11-21,la paz,589,PIL ANDINA S.A.,1375,LPZ - EA BODEGA VILLA ADELA Bpil LPZ-10 / BB23,-16.522350,-68.210638
2021-11-21,la paz,589,PIL ANDINA S.A.,1376,LPZ - EA BODEGA BALLIVIAN Bpil LPZ-11 / BB27,-16.487962,-68.171934
2021-11-21,la paz,589,PIL ANDINA S.A.,1475,LPZ BODEGA MONTENEGRO /,-16.545214,-68.078196
2021-11-21,la paz,589,PIL ANDINA S.A.,1476,LPZ BODEGA COLON /,-16.499284,-68.134527
2021-11-21,la paz,589,PIL ANDINA S.A.,1477,EA BODEGA ANTOFAGASTA /,-16.507183,-68.160486
2021-11-23,la paz,589,PIL ANDINA S.A.,1903,Lpz Bodega San Miguel lado Banco Economico,-16.544923,-68.078035
2021-11-23,la paz,589,PIL ANDINA S.A.,1904,Lpz Bodega Eklesia - BR22,-16.498780,-68.134249
2021-11-23,la paz,589,PIL ANDINA S.A.,1905,Lpz Bodega Av. TITO YUPANQUI ,-16.483357,-68.115610
2021-11-23,la paz,589,PIL ANDINA S.A.,1906,Lpz Bodega Rio Seco - BO25,-16.501812,-68.166357
2021-12-04,la paz,589,PIL ANDINA S.A.,2086,LPZ - BODEGA PACAJES CALUYO BO23,-16.499668,-68.215635
2021-12-07,la paz,589,PIL ANDINA S.A.,1912,Lpz CALLE TARAPACA - BB45,-16.479753,-68.131027
2021-12-07,la paz,589,PIL ANDINA S.A.,1913,Lpz Calle Sanjinés - BO59,-16.499021,-68.139095
2021-11-21,la paz,590,EMPRESA BOLIVIANA DE ALIMENTOS Y DERIVADOS - EBA,1819,PALACIOS DE COMUNICACIONES,-16.498990,-68.135260
2021-11-21,la paz,590,EMPRESA BOLIVIANA DE ALIMENTOS Y DERIVADOS - EBA,1821,EBA CENTRAL,-16.508425,-68.125661
2021-11-21,la paz,590,EMPRESA BOLIVIANA DE ALIMENTOS Y DERIVADOS - EBA,1290,,-16.479934,-68.120242
2021-12-23,la paz,590,EMPRESA BOLIVIANA DE ALIMENTOS Y DERIVADOS - EBA,2362,El Alto,-16.532350,-68.170279
2021-12-23,la paz,590,EMPRESA BOLIVIANA DE ALIMENTOS Y DERIVADOS - EBA,2370,Villa Fátima Comercial (móvil),-16.480098,-68.120266
2021-11-21,la paz,596,INDUSTRIAS ALIMENTICIAS GUSTOSSI S.R.L.,1302,Gustossi Miraflores,-16.492031,-68.121324
2021-11-21,la paz,596,INDUSTRIAS ALIMENTICIAS GUSTOSSI S.R.L.,1330,AGENCIA ASODIMIN,-16.524851,-68.172328
2021-11-21,la paz,596,INDUSTRIAS ALIMENTICIAS GUSTOSSI S.R.L.,1305,Agencia Murillo,-16.494986,-68.138695
2021-11-21,la paz,596,INDUSTRIAS ALIMENTICIAS GUSTOSSI S.R.L.,1306,Agencia Max Paredes,-16.499413,-68.140230
2021-11-21,la paz,596,INDUSTRIAS ALIMENTICIAS GUSTOSSI S.R.L.,1299,,-16.577049,-68.200081
2021-11-21,la paz,597,MARTA RAMOS CHAMBI,1301,sucursal 1,-16.497616,-68.135421
2021-11-21,la paz,597,MARTA RAMOS CHAMBI,1300,,-16.479403,-68.114043
2021-11-21,la paz,599,LA CORDOBESA,1321,,-16.506474,-68.128452
2021-11-21,la paz,618,TU MIEL,1443,Made in Bolivia,-16.497327,-68.135206
2021-11-21,la paz,618,TU MIEL,1442,,-16.497238,-68.135156
2021-11-21,la paz,619,WILLIAMS HENNRY SERNA VIVEROS,1445,WORLD SPORT,-16.497974,-68.134723
2021-12-14,la paz,619,WILLIAMS HENNRY SERNA VIVEROS,2205,Galeria made in bolivia,-16.497241,-68.135196
2021-11-21,la paz,620,INDUSTRIAS LIDER LTDA.,1448,AGENCIA MURILLO,-16.494944,-68.138724
2021-11-21,la paz,620,INDUSTRIAS LIDER LTDA.,1449,AGENCIA MIRAFLORES,-16.491875,-68.121300
2021-11-21,la paz,620,INDUSTRIAS LIDER LTDA.,1450,AGENCIA MAX PAREDES,-16.499390,-68.140236
2021-11-21,la paz,620,INDUSTRIAS LIDER LTDA.,1451,AGENCIA ASODIMIN,-16.524883,-68.172285
2021-11-21,la paz,620,INDUSTRIAS LIDER LTDA.,1446,,-16.577808,-68.198874
2021-11-21,la paz,622,ROBERTO POLO CHUQUIMIA CAREAGA,1493,G. J. MEZA ,-16.502186,-68.142947
2021-11-21,la paz,623,BADANA,1453,,-16.498671,-68.135575
2021-11-21,la paz,624,JORGE ZENON TARQUINO TARQUI,1454,,-16.498771,-68.135515
2021-11-21,la paz,626,ELIAS LOZA HUANCA,1457,Lianel calzados,-16.494652,-68.142550
2021-11-21,la paz,626,ELIAS LOZA HUANCA,1456,,-16.512806,-68.143328
2021-11-21,la paz,627,MARTHA PETRONA CORAITE OCAMPO  DE JAUREGUI,1459,,-16.497694,-68.143030
2021-11-21,la paz,629,DIPLOMODEL S.R.L.,1462,,-16.496274,-68.135595
2021-11-21,la paz,629,DIPLOMODEL S.R.L.,1465,Fabrica,-16.491463,-68.141523
2021-11-21,la paz,630,ANDY DANIEL LAURA MAMANI,1518,"Calzados CRONUS Local 13 ,Feria del CalzadoTumusla",-16.494653,-68.142775
2021-11-21,la paz,630,ANDY DANIEL LAURA MAMANI,1519,"Calzados ""CRONUS"" Local 13 LA GRAN FERIA DEL CALZD",-16.494609,-68.142295
2021-11-21,la paz,631,julio dario chambi zenteno,1466,,-16.497852,-68.136129
2021-11-21,la paz,634,"SUMA JAKASIÑA ""VIVIR BIEN""",1470,,-16.515202,-68.151458
2021-11-21,la paz,636,ANA VALENTINA GUTIERREZ de TONCONI,1474,,-16.498637,-68.135617
2021-11-21,la paz,637,CLAUDIA ROMELIA HUANCA VARGAS,1489,Calzados ORSET,-16.494675,-68.142459
2021-11-21,la paz,637,CLAUDIA ROMELIA HUANCA VARGAS,1488,,-16.508907,-68.144127
2021-11-21,la paz,640,CALZADOS MARINELA,1497,CALZADOS MARINELA,-16.494940,-68.142880
2021-11-21,la paz,640,CALZADOS MARINELA,1498,CALZADOS MARINELA,-16.498176,-68.135456
2021-11-21,la paz,640,CALZADOS MARINELA,1496,,-16.522958,-68.137245
2021-11-21,la paz,643,"THIAGO ""SPORT""",1502,Made in Bolivia,-16.497496,-68.135306
2021-11-21,la paz,643,"THIAGO ""SPORT""",1501,,-16.501969,-68.202366
2021-11-21,la paz,644,SANTOS NINA CHIRI,1520,La gran feria del calzado,-16.497300,-68.136100
2021-11-21,la paz,644,SANTOS NINA CHIRI,1503,,-16.476430,-68.189065
2021-11-21,la paz,645,LURDES APAZA ESPINOZA,1504,,-16.507409,-68.096742
2021-12-09,la paz,645,LURDES APAZA ESPINOZA,2131,PANCARITA,-16.507452,-68.096679
2021-11-21,la paz,646,"Luis Antonio Rodrìguez Bazàn - ALIMENTOS, COSMETICOS Y TEXTILES",1506,GALERIA MADE IN BOLIVIA,-16.497587,-68.135343
2021-12-08,la paz,646,"LUIS ANTONIO RODRÌGUEZ BAZÀN - ALIMENTOS, COSMETICOS Y TEXTILES",1505,,-16.497464,-68.135323
2021-12-14,la paz,646,"LUIS ANTONIO RODRÌGUEZ BAZÀN - ALIMENTOS, COSMETICOS Y TEXTILES",2209,Teleferico Naranja,-16.493462,-68.144739
2021-12-14,la paz,646,"LUIS ANTONIO RODRÌGUEZ BAZÀN - ALIMENTOS, COSMETICOS Y TEXTILES",2210,Galeria Illimani,-16.506174,-68.164018
2021-11-21,la paz,647,SOCIEDAD DE ALIMENTOS PROCESADOS SANTIAGO S.R.L. SOALPRO S.R.L.,1508,Agencia Villa Bolivar,-16.521658,-68.178537
2021-11-21,la paz,647,SOCIEDAD DE ALIMENTOS PROCESADOS SANTIAGO S.R.L. SOALPRO S.R.L.,1507,,-16.547077,-68.208506
2021-11-21,la paz,648,SANTOS SALAS CALLISYA,1510,CICAL,-16.498731,-68.135552
2021-11-21,la paz,648,SANTOS SALAS CALLISYA,1509,,-16.498719,-68.135536
2021-11-21,la paz,650,MARCAL,1512,,-16.540277,-68.077818
2021-11-21,la paz,652,ESMIRNA JOYAS,1514,,-16.497305,-68.135240
2021-11-21,la paz,654,ZION-BOLIVIA,1516,,-16.485936,-68.136480
2021-11-21,la paz,654,ZION-BOLIVIA,1823,CPEM (Centro de Promoción Económica Pedro Domingo ,-16.500027,-68.135847
2021-11-21,la paz,656,TONY JHON CALLISAYA ROJAS,1523,Galeria la Bolivianita,-16.497300,-68.136100
2021-11-21,la paz,656,TONY JHON CALLISAYA ROJAS,1522,,-16.516426,-68.141630
2021-11-21,la paz,657,PINK,1524,,-16.498126,-68.135439
2021-11-21,la paz,658,CLAUDIA MAMANI MAMANI,1525,,-16.524141,-68.145466
2021-11-21,la paz,658,CLAUDIA MAMANI MAMANI,1526,APACC-CCICAL,-16.498183,-68.135933
2021-11-21,la paz,659,CARLOS CHAMBI ROJAS,1527,,-16.510295,-68.141705
2021-11-21,la paz,660,CALZADOS  GINITO,1528,,-16.484881,-68.158646
2021-11-21,la paz,661,ELIZABETH MENDOZA ESPINOZA,1530,Feria del calzado ,-16.494636,-68.142357
2021-11-21,la paz,661,ELIZABETH MENDOZA ESPINOZA,1529,,-16.525180,-68.204418
2021-11-21,la paz,662,YANELLY AJATA IRUSTA,1531,,-16.525560,-68.144765
2021-11-21,la paz,663,NIEVES CONDORI CONDORI de FLORES,1532,,-16.520788,-68.161610
2021-11-21,la paz,664,CLAUDIA MAMANI CHOQUE,1541,"Tienda de CALZADOS ""KE CUEROS""",-16.494729,-68.142447
2021-11-21,la paz,664,CLAUDIA MAMANI CHOQUE,1534,"CALZADOS ""KE CUEROS""",-16.494649,-68.142325
2021-11-21,la paz,664,CLAUDIA MAMANI CHOQUE,1533,,-16.451654,-68.149304
2021-11-21,la paz,665,C & C Creaciones,1535,,-16.498132,-68.135439
2021-11-21,la paz,665,C & C Creaciones,1536,C & C Creaciones,-16.498098,-68.135520
2021-11-21,la paz,666,MARIA EUGENIA QUISBERT PEREZ - CALZADOS EN CUERO,1539,LEATHER SHOES- ARTESANAL BOLIVIA,-16.498113,-68.135504
2021-11-21,la paz,667,DAVIDA NICOL CALDERON MAMANI,1540,,-16.498147,-68.135474
2021-11-21,la paz,668,SOCIEDAD INDUSTRIAL MOLINERA S.A. SIMSA,1542,,-16.483584,-68.145365
2021-11-21,la paz,669,VALERIA MAMANI de FLORES,1543,,-16.521425,-68.159775
2021-11-21,la paz,670,INSUMOS BOLIVIA,1547,Ex Texturbol - El Alto,-16.522028,-68.179752
2021-11-21,la paz,670,INSUMOS BOLIVIA,1544,,-16.497341,-68.135987
2021-11-21,la paz,670,INSUMOS BOLIVIA,1748,Ex Dripad - El Alto,-16.537301,-68.192927
2021-11-21,la paz,671,Marisol Flores Lecoña (ZAPATOS DE VARON),1545,,-16.498746,-68.135522
2021-12-12,la paz,671,CALZADOS GRIMALDI MARISOL FLORES LECOÑA (ZAPATOS DE VARON),2194,APPACCICAL,-16.498911,-68.135255
2021-11-21,la paz,672,MARIA MAGDALENA TARQUI SIRPA,1548,,-16.498456,-68.135794
2021-11-21,la paz,673,WIÑAY MADAI PLATA PAZ,1550,,-16.497530,-68.102078
2021-11-21,la paz,674,JOYAS MARIELA,1557,Zona central,-16.498185,-68.135341
2021-12-04,la paz,674,JOYAS MARIELA,2097,Shopping Norte,-16.496446,-68.134839
2021-11-25,la paz,675,AMERICAN TRADING COMPANI S.R.L.,1964,LOFER BOUTIQUE,-16.503510,-68.131099
2021-11-21,la paz,676,WILMA GLADIS TICONA CHAMBI,1555,,-16.501838,-68.140048
2021-12-06,la paz,676,"BENTON, COSMÉTICA Y MEDICINA NATURAL DE ARCILLA",2099,BENTON,-16.501873,-68.140080
2021-11-21,la paz,677,JUAN CARLOS ENRIQUEZ,1558,,-16.492511,-68.164311
2021-11-21,la paz,678,SIN LIMITES,1559,,-16.517774,-68.210710
2021-11-21,la paz,678,SIN LIMITES,1560,BORDADOS SIN LIMITES,-16.517117,-68.209503
2021-11-21,la paz,679,MyR,1562,,-16.522176,-68.184524
2021-11-21,la paz,680,BEANET CONDORI APAZA,1563,,-16.543088,-68.184845
2021-11-21,la paz,681,JONVTEX,1565,,-16.498322,-68.164625
2021-11-21,la paz,682,BALTAZAR,1566,,-16.500184,-68.151321
2021-11-21,la paz,683,JIREH Pasion por los Cueros,1567,,-16.498113,-68.135429
2021-11-21,la paz,684,NANO CHAMBI TUCUPA,1569,Galeria Made in Bolivia,-16.497339,-68.135214
2021-11-21,la paz,684,NANO CHAMBI TUCUPA,1568,,-16.498949,-68.159365
2021-11-21,la paz,685,ISAC ERNESTO MAMANI QUISPE,1570,,-16.615247,-68.179786
2021-11-21,la paz,689,AMPARO CECILIA CAMPOS CAMACHO,1574,,-16.522640,-68.210916
2021-11-21,la paz,690,WENDY LOBO CHOQUE,1575,,-16.520520,-68.162017
2021-11-21,la paz,691,JUANA MAMANI CONCHA,1576,,-16.589640,-68.206708
2021-11-21,la paz,692,MERCEDES MARLENE APAZA CRUZ,1578,,-16.532153,-68.204311
2021-11-21,la paz,695,ANTONIA FLORENCIA QUISPE QUISPE,1585,Tumusla,-16.494813,-68.143001
2021-11-21,la paz,695,ANTONIA FLORENCIA QUISPE QUISPE,1584,,-16.486548,-68.158099
2021-11-21,la paz,698,JUAN CARLOS SANCHEZ GONZALES,1612,,-16.490349,-68.150299
2021-11-21,la paz,698,JUAN CARLOS SANCHEZ GONZALES,1697,Galería La Bolivianita,-16.496744,-68.134318
2021-11-21,la paz,700,Steysi Jhoselyn Condori Sanchez,1698,,-16.503277,-68.151208
2021-11-21,la paz,701,ELIZABETH SPORT,1699,,-16.609051,-68.175879
2021-11-21,la paz,702,AMALIA COPA MURGA,1700,,-16.522295,-68.145466
2021-11-21,la paz,702,AMALIA COPA MURGA,1701,Galeria La Bolivianita,-16.496790,-68.134318
2021-11-21,la paz,703,ANGELICA HUANCA IQUISI,1702,,-16.487201,-68.204874
2021-11-21,la paz,703,ANGELICA HUANCA IQUISI,1703,Galería La Bolivianita,-16.496764,-68.134286
2021-11-21,la paz,705,Winnitex,1705,,-16.526193,-68.150117
2021-11-21,la paz,706,MICROMARKET COMPRO.BO,1799,MICROMARKET COMPRO.BO,-16.529032,-68.099694
2021-12-24,la paz,706,MICROMARKET COMPRO.BO,2390,COMPRO.BO 2,-16.529059,-68.099656
2021-11-21,la paz,707,SUSANA ZULMA LOZA CHOLIMA,1710,Galería La Bolivianita,-16.496785,-68.134286
2021-11-21,la paz,707,SUSANA ZULMA LOZA CHOLIMA,1709,,-16.491748,-68.131494
2021-11-21,la paz,708,MANTA OUTFIT,1711,,-16.465057,-68.108668
2021-11-21,la paz,709,CREACIONES LIZETH,1714,Crealiz,-16.496151,-68.135488
2021-11-21,la paz,709,CREACIONES LIZETH,1713,Crealiz,-16.495071,-68.142917
2021-11-21,la paz,711,KENNY MAGUIÑA ACEBEY,1717,KMAGUIÑA,-16.505716,-68.129764
2021-11-21,la paz,711,KENNY MAGUIÑA ACEBEY,1716,,-16.505785,-68.129748
2021-11-21,la paz,712,YUSAR,1718,,-16.522519,-68.114537
2021-11-21,la paz,712,YUSAR,1719,YUSAR OFICINA CENTRAL,-16.497279,-68.133004
2021-11-21,la paz,714,CUEROMANIA,1721,,-16.483489,-68.146825
2021-11-21,la paz,714,CUEROMANIA,1722,Ciccal,-16.498571,-68.135539
2021-11-21,la paz,715,CALZADOS ROMY,1723,,-16.495210,-68.144065
2021-11-21,la paz,720,EMPRESA PUBLICA QUIPUS,1728,,-16.500018,-68.132167
2021-11-21,la paz,720,EMPRESA PUBLICA QUIPUS,1729,Sucursal - Camacho,-16.499972,-68.132151
2021-11-21,la paz,722,JUSTA QUISPE,1731,,-16.496810,-68.156465
2021-11-21,la paz,723,IRENE ATILA DE HOLGUIN,1732,,-16.495791,-68.142856
2021-11-21,la paz,727,JHENY SAAVEDRA,1738,,-16.498313,-68.115539
2021-11-21,la paz,728,EMMA QUISPE ARIAS,1742,CALZADOS RUBENS,-16.512528,-68.160971
2021-11-21,la paz,728,EMMA QUISPE ARIAS,1739,,-16.517861,-68.187166
2021-11-21,la paz,730,Talleres Con Calidad,1743,,-16.523817,-68.144505
2021-11-21,la paz,732,SERGIO DAVID MANCILLA GOMEZ,1745,,-16.501665,-68.150715
2021-11-21,la paz,733,CALZADOS RENON,1747,Calzados Reno,-16.494576,-68.142325
2021-11-21,la paz,733,CALZADOS RENON,1746,,-16.452009,-68.149360
2021-11-21,la paz,735,GLORIA MUÑOZ RAMOS,1750,,-16.519085,-68.142955
2021-11-21,la paz,736,ENERGIA SANA BOL,1752,Energía Sana,-16.490942,-68.144806
2021-11-21,la paz,736,ENERGIA SANA BOL,1751,,-16.518000,-68.149977
2021-11-21,la paz,738,QHANA,1755,,-16.489567,-68.200609
2021-11-21,la paz,739,FANNY MONICA NINA LAURA,1756,,-16.487001,-68.214742
2021-11-21,la paz,742,TANIA PRADOS MAMANI,1761,,-16.488631,-68.181136
2021-11-21,la paz,742,TANIA PRADOS MAMANI,1762,CALZADOS VIA ,-16.494734,-68.142537
2021-11-21,la paz,744,ELSA FELIPA CAMAYO MAMANI,1764,,-16.495240,-68.135200
2021-11-21,la paz,745,SIDNEY ILTZE CORDERO PEREZ,1765,,-16.486548,-68.166199
2021-11-21,la paz,746,CALZADOS MAGDIEL,1766,,-16.495035,-68.143459
2021-11-21,la paz,747,MAVATEX,1767,,-16.717683,-68.176670
2021-11-21,la paz,748,HUMBERTO COLQUE CALLI,1770,Gran Feria del Calzado,-16.494866,-68.142413
2021-11-21,la paz,748,HUMBERTO COLQUE CALLI,1772,Galeria Capricornio,-16.495217,-68.143424
2021-11-21,la paz,752,CATALINA CECILIA TONCONI RAMOS,1777,,-16.479223,-68.141609
2021-11-21,la paz,757,LUZ MARIA POMA HUANCA,1789,,-16.488328,-68.174637
2021-11-21,la paz,758,SLBB GROUP-SHAMATEXTIL DE SIXTO ARUQUIPA MARCA,1790,,-16.478390,-68.166685
2021-11-21,la paz,760,FRAZADAS POLAR (VILLA FATIMA #396),1793,,-16.477556,-68.119604
2021-11-21,la paz,763,SANUBELL,1801,Aceites Rayo Verde(Delivery gratis por esta app),-16.536134,-68.071160
2021-11-21,la paz,764,NANCY MOLLINEDO VILLEGAS,1797,,-16.517558,-68.125877
2021-11-21,la paz,764,NANCY MOLLINEDO VILLEGAS,1798,Ed. Miraflores calle Cecilio Guzmán de Rojas  nro.,-16.517367,-68.125530
2021-11-21,la paz,765,CARLA LENNY ARUQUIPA QUISPE,1802,,-16.495930,-68.156264
2021-11-21,la paz,765,CARLA LENNY ARUQUIPA QUISPE,1803,La gran feria del calzado ,-16.494813,-68.142440
2021-11-21,la paz,767,EMPRESA ESTATAL YACANA,1805,,-16.519348,-68.299776
2021-11-21,la paz,767,EMPRESA ESTATAL YACANA,1807,Tienda Av. Camacho,-16.499937,-68.132135
2021-11-21,la paz,768,MONICA CANDELARIA CHOQUETARQUI MAMANI,1806,,-16.529191,-68.184792
2021-11-21,la paz,769,PONCIANO LLUSCO ALCON,1808,,-16.542377,-68.209522
2021-11-21,la paz,770,BOLIVIA PRODUCIENDO QUINUA,1810,La Bolivianita,-16.496838,-68.134206
2021-11-21,la paz,771,JUANA QUISPE FLORES,1812,,-16.497350,-68.135203
2021-11-21,la paz,773,LAURA  ALEJANDRA SALCEDO CALLE,1814,,-16.517779,-68.217472
2021-11-21,la paz,774,EMAPA - EMPRESA DE APOYO A LA PRODUCCION DE ALIMENTOS,1825,Super Emapa Rio Seco - Suc 95,-16.489987,-68.209317
2021-11-21,la paz,774,EMAPA - EMPRESA DE APOYO A LA PRODUCCION DE ALIMENTOS,1828,Super Emapa Pacajes - Suc 20,-16.531544,-68.190782
2021-11-21,la paz,774,EMAPA - EMPRESA DE APOYO A LA PRODUCCION DE ALIMENTOS,1829,Sucursal 7,-16.509104,-68.166996
2021-11-21,la paz,774,EMAPA - EMPRESA DE APOYO A LA PRODUCCION DE ALIMENTOS,1830,Sucursal 25,-16.497465,-68.179722
2021-11-21,la paz,774,EMAPA - EMPRESA DE APOYO A LA PRODUCCION DE ALIMENTOS,1831,Sucursal 83,-16.508781,-68.158771
2021-11-21,la paz,774,EMAPA - EMPRESA DE APOYO A LA PRODUCCION DE ALIMENTOS,1832,Sucursal 74,-16.482216,-68.179555
2021-11-21,la paz,774,EMAPA - EMPRESA DE APOYO A LA PRODUCCION DE ALIMENTOS,1872,Super Emapa Camacho - Suc 93,-16.500010,-68.132111
2021-11-23,la paz,774,EMAPA - EMPRESA DE APOYO A LA PRODUCCION DE ALIMENTOS,1884,Sucursal 5,-16.479557,-68.120118
2021-11-23,la paz,774,EMAPA - EMPRESA DE APOYO A LA PRODUCCION DE ALIMENTOS,1885,Sucursal 43,-16.499027,-68.141167
2021-11-23,la paz,774,EMAPA - EMPRESA DE APOYO A LA PRODUCCION DE ALIMENTOS,1886,Sucursal 96,-16.539542,-68.091003
2021-11-26,la paz,774,EMAPA - EMPRESA DE APOYO A LA PRODUCCION DE ALIMENTOS,1984,Sucursal 102,-16.188194,-67.727877
2021-11-26,la paz,774,EMAPA - EMPRESA DE APOYO A LA PRODUCCION DE ALIMENTOS,1995,Sucursal 104,-16.208789,-68.700300
2021-11-27,la paz,774,EMAPA - EMPRESA DE APOYO A LA PRODUCCION DE ALIMENTOS,2002,Sucursal Caranavi,-15.833930,-67.565326
2021-11-27,la paz,774,EMAPA - EMPRESA DE APOYO A LA PRODUCCION DE ALIMENTOS,2005,Sucursal 100,-15.937279,-68.875290
2021-11-27,la paz,774,EMAPA - EMPRESA DE APOYO A LA PRODUCCION DE ALIMENTOS,2008,Sucursal 103 La Asunta,-16.297171,-67.102090
2021-11-27,la paz,774,EMAPA - EMPRESA DE APOYO A LA PRODUCCION DE ALIMENTOS,2016,Sucursal 111,-16.561047,-67.952968
2021-11-27,la paz,774,EMAPA - EMPRESA DE APOYO A LA PRODUCCION DE ALIMENTOS,2026,Sucursal Huarina,-16.105587,-68.717882
2021-12-04,la paz,774,EMAPA - EMPRESA DE APOYO A LA PRODUCCION DE ALIMENTOS,2087,Sucursal 99,-17.243043,-67.906225
2021-11-21,la paz,775,PATRICIA GORDILLO,1818,,-16.510429,-68.123364
2021-11-21,la paz,776,MOSCATEL VINOS Y SINGANIS,1824,,-16.502065,-68.137608
2021-11-21,la paz,777,D&A CREACIONES,1827,PUNTO BOLIVIANO ,-16.498271,-68.135327
2021-11-21,la paz,778,JUANA MAXIMA MORALES BASPINEIRO,1833,,-16.505111,-68.253194
2021-11-25,la paz,778,JUANA MAXIMA MORALES BASPINEIRO,1974,Mercado Abasto,-16.496475,-68.142425
2021-12-12,la paz,778,JUANA MAXIMA MORALES BASPINEIRO,2187,Chuquiago,-16.536950,-68.096234
2021-11-21,la paz,779,NUTRINATURAL,1834,,-16.474435,-68.115662
2021-12-16,la paz,779,NUTRINATURAL,2260,Club lapaz ,-16.498661,-68.135038
2021-11-21,la paz,780,SOYAVIT,1836,,-16.497475,-68.128640
2021-11-21,la paz,781,JAMPINA,1837,,-16.509014,-68.124862
2021-11-23,la paz,781,JAMPINA,1911,Sucursal Sur,-16.559633,-68.093853
2021-11-21,la paz,782,EL PANAL,1838,,-16.488061,-68.138618
2021-11-21,la paz,784,KETAL S.A.,1851,SK015,-16.539410,-68.083996
2021-11-21,la paz,784,KETAL S.A.,1852,SK021,-16.540310,-68.077910
2021-11-21,la paz,784,KETAL S.A.,1853,SK009,-16.534434,-68.071968
2021-11-21,la paz,784,KETAL S.A.,1854,SK016,-16.528978,-68.101915
2021-11-21,la paz,784,KETAL S.A.,1855,SK001,-16.533530,-68.086613
2021-11-21,la paz,784,KETAL S.A.,1856,SK010,-16.502557,-68.121220
2021-11-21,la paz,784,KETAL S.A.,1857,SK003,-16.510521,-68.123340
2021-11-21,la paz,784,KETAL S.A.,1858,SK007,-16.514617,-68.129022
2021-11-21,la paz,784,KETAL S.A.,1859,SK025,-16.501635,-68.135892
2021-11-21,la paz,784,KETAL S.A.,1861,SK012,-16.491725,-68.144519
2021-11-21,la paz,784,KETAL S.A.,1862,SK011,-16.517975,-68.150331
2021-11-21,la paz,784,KETAL S.A.,1863,SEK01,-16.512677,-68.153689
2021-11-21,la paz,784,KETAL S.A.,1864,SEK02,-16.500095,-68.135130
2021-11-21,la paz,784,KETAL S.A.,1847,,-16.539282,-68.083951
2021-11-25,la paz,788,GRUPO INDUSTRIAL SAXSAY S.R.L.,1972,Sucursal El Alto,-16.594366,-68.205797
2021-11-21,la paz,790,ROCIO BUTRON ALIAGA,1871,,-16.494836,-68.135319
2021-11-21,la paz,790,ROCIO BUTRON ALIAGA,1873,JIKISIWI,-16.494806,-68.135257
2021-11-21,la paz,792,EVITON,1875,,-16.452184,-68.149516
2021-11-21,la paz,792,EVITON,1876,La gran feria del calzado,-16.494670,-68.142415
2021-11-21,la paz,793,TU DISEÑO,1880,,-16.488765,-68.102875
2021-11-22,la paz,794,MISS PICS,1881,,-16.492535,-68.113317
2021-11-23,la paz,795,COSMETICAS SEL-DE,1896,,-16.523863,-68.149539
2021-12-10,la paz,795,COSMETICAS SEL-DE,2152,Aduanas,-16.518323,-68.139904
2021-11-23,la paz,797,MICHELLE ADRIANA RAMOS SALINAS,1900,,-16.489814,-68.114950
2021-11-23,la paz,797,MICHELLE ADRIANA RAMOS SALINAS,1901,Galería La Bolivianita,-16.496801,-68.134283
2021-11-23,la paz,798,TMG COMERCIALIZADORA S.R.L.,1909,Burbank,-16.509421,-68.123303
2021-11-23,la paz,798,TMG COMERCIALIZADORA S.R.L.,1907,,-16.542051,-68.079329
2021-11-23,la paz,798,TMG COMERCIALIZADORA S.R.L.,1908,Burbank,-16.510929,-68.122069
2021-11-24,la paz,799,JM ENCINAS,1919,,-16.523632,-68.114996
2021-11-24,la paz,799,JM ENCINAS,1923,plaza villaroel,-16.483992,-68.121862
2021-11-24,la paz,799,JM ENCINAS,1924,PLAZA ABAROA,-16.510873,-68.126953
2021-11-24,la paz,799,JM ENCINAS,1925,PLAZA SEBASTIAN PAGADOR ,-16.523818,-68.150202
2021-11-25,la paz,800,MERMELADAS CECITA,1927,MERMELADAS CECITA,-16.488017,-68.120242
2021-11-24,la paz,801,ARTECAL ARTE Y TECNOLOGIA EN CALZADOS,1928,,-16.498955,-68.154971
2021-11-24,la paz,802,SOCIEDAD COMERCIAL AGROPECUARIA TUSEQUIS LTDA.,1940,AGENCIA TORITO VILLA COPACABANA,-16.496253,-68.116525
2021-11-24,la paz,802,SOCIEDAD COMERCIAL AGROPECUARIA TUSEQUIS LTDA.,1943,AGENCIA TORITO CIUDAD SATELITE,-16.523795,-68.151619
2021-11-24,la paz,802,SOCIEDAD COMERCIAL AGROPECUARIA TUSEQUIS LTDA.,1944,AGENCIA TORITO ACHACHICALA,-16.484674,-68.144859
2021-11-24,la paz,802,SOCIEDAD COMERCIAL AGROPECUARIA TUSEQUIS LTDA.,1929,,-16.502157,-68.134901
2021-11-24,la paz,802,SOCIEDAD COMERCIAL AGROPECUARIA TUSEQUIS LTDA.,1930,AGENCIA STEGE P-3,-16.497338,-68.128965
2021-11-24,la paz,802,SOCIEDAD COMERCIAL AGROPECUARIA TUSEQUIS LTDA.,1932,AGENCIA STEGE - LOS PINOS,-16.545274,-68.073751
2021-11-24,la paz,802,SOCIEDAD COMERCIAL AGROPECUARIA TUSEQUIS LTDA.,1935,AGENCIA STEGE ACHUMANI,-16.530558,-68.073250
2021-11-24,la paz,802,SOCIEDAD COMERCIAL AGROPECUARIA TUSEQUIS LTDA.,1936,AGENCIA STEGE SOPOCACHI,-16.509312,-68.129641
2021-11-24,la paz,802,SOCIEDAD COMERCIAL AGROPECUARIA TUSEQUIS LTDA.,1937,AGENCIA STEGE ZOILO FLORES,-16.501072,-68.138964
2021-11-24,la paz,802,SOCIEDAD COMERCIAL AGROPECUARIA TUSEQUIS LTDA.,1938,AGENCIA TORITO ILLAMPU RODRIGUEZ,-16.500075,-68.138492
2021-11-24,la paz,802,SOCIEDAD COMERCIAL AGROPECUARIA TUSEQUIS LTDA.,1939,AGENCIA TORITO VILLA FATIMA,-16.480014,-68.120998
2021-11-26,la paz,802,SOCIEDAD COMERCIAL AGROPECUARIA TUSEQUIS LTDA.,1993,AGENCIA TORITO CEJA,-16.507300,-68.161696
2021-11-24,la paz,804,Jazmine Giovanna Torrez Torrez,1933,,-16.495328,-68.135134
2021-11-24,la paz,804,Jazmine Giovanna Torrez Torrez,1934,CENTRO DEL CUERO,-16.495295,-68.135161
2021-11-24,la paz,805,ALBERTO CONDORI TOLA,1941,,-16.557659,-68.191707
2021-11-24,la paz,805,ALBERTO CONDORI TOLA,1942,Galeria La Bolivianita ,-16.496764,-68.134254
2021-11-24,la paz,805,ALBERTO CONDORI TOLA,1945,San Francisco ,-16.496890,-68.137623
2021-11-25,la paz,806,ALBERTO CALLISAYA EULOGIO,1946,,-16.528445,-68.175866
2021-11-25,la paz,807,CREACIONES TEXTILES (KAYAK),1958,LOFER BOUTIQUE,-16.503480,-68.131107
2021-11-25,la paz,808,Modesta Isabel Cuentas Gonzales,1948,,-16.511016,-68.135839
2021-11-25,la paz,808,Modesta Isabel Cuentas Gonzales,1949,MODESTA CUENTAS,-16.467466,-68.124003
2021-11-25,la paz,811,FLOR DE LECHE SRL,1953,,-16.572613,-68.177435
2021-11-26,la paz,811,FLOR DE LECHE SRL,1992,Marka Sopocachi,-16.510230,-68.126379
2021-11-26,la paz,811,FLOR DE LECHE SRL,1994,Marka (San Miguel),-16.542670,-68.080824
2021-11-25,la paz,812,PROCABOL,1954,,-16.537992,-68.100057
2021-11-25,la paz,812,PROCABOL,1955,PROCABOL,-16.537988,-68.100066
2021-11-25,la paz,813,RUTH ANA HUANCA CHOQUEHUANCA,1962,,-16.588944,-68.074175
2021-11-25,la paz,813,RUTH ANA HUANCA CHOQUEHUANCA,1963,RUTH HUANCA,-16.588895,-68.074223
2021-11-25,la paz,814,SONIA CORONEL TARQUI,1967,,-16.471025,-68.121302
2021-11-25,la paz,814,SONIA CORONEL TARQUI,1968,SONIA CORONEL TARQUI,-16.471005,-68.121320
2021-11-25,la paz,816,SISTEMA INFORMATIVO EMPRESARIAL - CALZART BOLIVIA,1975,,-16.507374,-68.133629
2021-11-25,la paz,816,SISTEMA INFORMATIVO EMPRESARIAL - CALZART BOLIVIA,1976,Sucursal La Paz -Calle Tarija 1,-16.498458,-68.137210
2021-11-25,la paz,816,SISTEMA INFORMATIVO EMPRESARIAL - CALZART BOLIVIA,1977,Sucursal La Paz - Landaeta 2,-16.507340,-68.133589
2021-11-25,la paz,817,MAYELI ZULMA QUISPE CONDORI,1979,,-15.834020,-67.574185
2021-11-26,la paz,817,MAYELI ZULMA QUISPE CONDORI,1982,Galería LA BOLIVIANITA ,-16.496779,-68.134332
2021-11-25,la paz,818,CALZADOS RAFAELA,1980,,-16.498156,-68.135439
2021-11-26,la paz,820,CALZADOS CALIM,1983,,-16.495143,-68.143677
2021-11-26,la paz,820,CALZADOS CALIM,1985,CALZADOS CALIM,-16.508718,-68.160636
2021-11-26,la paz,822,SONIA SAIRE GOMEZ,1987,,-16.498604,-68.135574
2021-11-26,la paz,823,JONATHAN MICHAEL FUNES GRAGEDA,1989,,-16.506438,-68.112799
2021-11-26,la paz,824,GUADALUPE SOLER SARZURI TOTORA,1990,,-16.537080,-68.214050
2021-11-26,la paz,824,GUADALUPE SOLER SARZURI TOTORA,1991,FERIA 16 DE JULIO (Jueves y Domingo),-16.495187,-68.173216
2021-11-26,la paz,825,IRENE CHOQUE RAMOS,1997,,-16.623300,-68.129426
2021-11-26,la paz,825,IRENE CHOQUE RAMOS,1998,Estacion Terrena de Amachuma,-16.623283,-68.129405
2021-11-27,la paz,826,LOGROS,2001,Artesanias Eve,-16.494525,-68.141963
2021-11-27,la paz,826,LOGROS,2000,,-16.467216,-68.118327
2021-11-27,la paz,827,SANDRA MARÍA TONCONI HUANCA,2003,,-16.494868,-68.142779
2021-11-27,la paz,828,ALIMENTOS NATURITO S.R.L.,2004,,-16.491044,-68.149602
2021-11-27,la paz,830,CARLOS LEONARDO CHOQUEVILLCA PINTO,2010,,-16.483199,-68.216477
2021-11-27,la paz,831,"SOCIEDAD INDUSTRIAL Y COMERCIAL ""LA FRANCESA"" S.A.",2011,,-16.536802,-68.192187
2021-11-27,la paz,831,"SOCIEDAD INDUSTRIAL Y COMERCIAL ""LA FRANCESA"" S.A.",2012,AG. Yungas,-16.497342,-68.129378
2021-11-27,la paz,831,"SOCIEDAD INDUSTRIAL Y COMERCIAL ""LA FRANCESA"" S.A.",2013,AG. Murillo ,-16.495272,-68.138822
2021-11-27,la paz,831,"SOCIEDAD INDUSTRIAL Y COMERCIAL ""LA FRANCESA"" S.A.",2014,AG. Villa Copacabana ,-16.495773,-68.116004
2021-11-27,la paz,831,"SOCIEDAD INDUSTRIAL Y COMERCIAL ""LA FRANCESA"" S.A.",2015,Ag. Zoilo Flores,-16.502350,-68.137674
2021-11-27,la paz,831,"SOCIEDAD INDUSTRIAL Y COMERCIAL ""LA FRANCESA"" S.A.",2017,AG. Sopocachi,-16.509038,-68.129555
2021-11-27,la paz,831,"SOCIEDAD INDUSTRIAL Y COMERCIAL ""LA FRANCESA"" S.A.",2020,Ag. Satelite,-16.522724,-68.154403
2021-11-27,la paz,831,"SOCIEDAD INDUSTRIAL Y COMERCIAL ""LA FRANCESA"" S.A.",2022,AG.  Obrajes ,-16.529981,-68.101976
2021-11-27,la paz,831,"SOCIEDAD INDUSTRIAL Y COMERCIAL ""LA FRANCESA"" S.A.",2023,AG. Los Pinos,-16.545197,-68.074312
2021-11-27,la paz,831,"SOCIEDAD INDUSTRIAL Y COMERCIAL ""LA FRANCESA"" S.A.",2024,AG. Achumani,-16.534998,-68.075253
2021-11-27,la paz,831,"SOCIEDAD INDUSTRIAL Y COMERCIAL ""LA FRANCESA"" S.A.",2025,AG. Miraflores,-16.492307,-68.122157
2021-11-27,la paz,831,"SOCIEDAD INDUSTRIAL Y COMERCIAL ""LA FRANCESA"" S.A.",2027,AG. Planta el Alto,-16.536623,-68.192294
2021-12-02,la paz,831,"SOCIEDAD INDUSTRIAL Y COMERCIAL ""LA FRANCESA"" S.A.",2057,VENTAS VIRTUALES ,-16.492363,-68.122146
2021-11-27,la paz,834,BELLEZA BEYANI,2021,,-16.502288,-68.151935
2021-11-27,la paz,835,AQUA-UNIQUIM,2029,,-16.480115,-68.105160
2021-11-27,la paz,835,AQUA-UNIQUIM,2030,max paredes,-16.496213,-68.143084
2021-11-27,la paz,836,PRODUCTOS MADIDI,2031,,-16.496913,-68.118652
2021-11-27,la paz,838,GREGORIA ROSA CHINO YUJRA,2033,,-16.495073,-68.139839
2021-11-27,la paz,838,GREGORIA ROSA CHINO YUJRA,2034,GREGORIA ROSA CHINO YUJRA,-16.495064,-68.139838
2021-11-27,la paz,839,ABRIL DOS TRES,2035,,-16.510419,-68.128986
2021-11-27,la paz,839,ABRIL DOS TRES,2036,taller,-16.490871,-68.116345
2021-12-18,la paz,839,ABRIL DOS TRES,2299,manos obreras,-16.526626,-68.108958
2021-11-27,la paz,841,ALPACABOLIVIAMALL,2038,,,
2021-11-27,la paz,842,ROCIO ESTHER HUANCA CHOQUEHUANCA,2039,,-16.524904,-68.137851
2021-11-27,la paz,842,ROCIO ESTHER HUANCA CHOQUEHUANCA,2040,LAS DELICIAS DEL CHEF,-16.524324,-68.137880
2021-11-30,la paz,844,FIDEOS CRISTAL®,2043,,-16.496907,-68.111090
2021-12-21,la paz,844,FIDEOS CRISTAL®,2330,Ferias locales,-16.495950,-68.137210
2021-11-30,la paz,845,CARLOS FLORES ERGUETA,2044,,-16.494672,-68.142352
2021-11-30,la paz,845,CARLOS FLORES ERGUETA,2045,DISEÑO KARLA GABRIEL,-16.494652,-68.142317
2021-12-01,la paz,848,THOR PIELES EXOTICAS,2050,,-16.498082,-68.135448
2021-12-01,la paz,849,MELINA NOEMI CLAURE CLAMAYO,2052,,-16.498480,-68.135285
2021-12-17,la paz,849,MELINA NOEMI CLAURE CLAMAYO,2281,Choco,-16.496433,-68.132953
2021-12-02,la paz,850,QUINUA DEL CAMPO - SABOR ANDINO,2056,,-16.536164,-68.591766
2021-12-11,la paz,850,QUINUA DEL CAMPO - SABOR ANDINO,2183,,,
2021-12-02,la paz,851,PIKI KATERING,2058,,-16.499288,-68.136915
2021-12-02,la paz,852,LIDIA MAMANI MAMANI,2059,,-16.523688,-68.145852
2021-12-02,la paz,853,PURE COTTON - ZECOMTEX ZEGARRA COMERCIALIZADORA DE TEXTILES S.R.L.,2061,Pure Cotton San Miguel,-16.540428,-68.078641
2021-12-02,la paz,853,PURE COTTON - ZECOMTEX ZEGARRA COMERCIALIZADORA DE TEXTILES S.R.L.,2062,Pure Cotton Shopping Norte,-16.496692,-68.134812
2021-12-02,la paz,853,PURE COTTON - ZECOMTEX ZEGARRA COMERCIALIZADORA DE TEXTILES S.R.L.,2063,Pure Cotton Sopocachi,-16.510168,-68.126411
2021-12-02,la paz,853,PURE COTTON - ZECOMTEX ZEGARRA COMERCIALIZADORA DE TEXTILES S.R.L.,2064,Pure Cotton Miraflores,-16.501450,-68.121610
2021-12-03,la paz,856,DALMATA®,2072,Centro de distribución ,-16.553297,-68.215136
2021-12-03,la paz,859,PURA MIEL - CAFFETO,2075,,-16.486846,-68.138712
2021-12-03,la paz,859,PURA MIEL - CAFFETO,2081,CAFFETO,-16.504975,-68.131301
2021-12-03,la paz,860,MARGARITA VILLAVERDE DE MAMANI,2077,,-16.498353,-68.135694
2021-12-15,la paz,860,MARGARITA VILLAVERDE DE MAMANI,2233,CENTRO,-16.496345,-68.132532
2021-12-18,la paz,860,CALZADOS MILANO,2307,Aduana Nacional,-16.506788,-68.130280
2021-12-03,la paz,861,CREACIONES ALBA,2078,,-16.498118,-68.135446
2021-12-03,la paz,862,KATHERINE SILVIA APARICIO AGUILAR,2079,,-16.511468,-68.129244
2021-12-04,la paz,865,VADANIS,2083,,-16.496526,-68.116299
2021-12-04,la paz,867,SUPERECOLOGICO AOPEB,2095,,-16.507596,-68.133868
2021-12-16,la paz,867,SÚPER ECOLÓGICO AOPEB,2262,Feria de la Medicina Tradicional,-16.500562,-68.135024
2021-12-18,la paz,867,SÚPER ECOLÓGICO AOPEB,2316,Aduana,-16.511485,-68.128507
2021-12-04,la paz,868,CARLA LUZ MARICELA MIRANDA CARRILLO,2096,,-16.508989,-68.154346
2021-12-07,la paz,870,RODRIGO LANZA,2101,,,
2021-12-10,la paz,870,RODRIGO LANZA,2153,ADUANA NACIONAL,-16.503249,-68.159180
2021-12-11,la paz,870,RODRIGO LANZA,2182,MINISTERIO DE CULTURAS,-16.518522,-68.129032
2021-12-14,la paz,870,RODRIGO LANZA,2201,"PEDIDOS A DOMICILIO ""DELIVERY""",-16.503368,-68.131714
2021-12-20,la paz,870,"MANJARES ""ABUELITA""",2328,FERIA NAVIDEÑA LA PAZ,-16.498036,-68.127727
2021-12-21,la paz,870,"MANJARES ""ABUELITA""",2333,CENTRO DE TELECOMUNICACIONES - CORREO,-16.505254,-68.128839
2021-12-24,la paz,870,"MANJARES ""ABUELITA""",2371,Casa del Pueblo,-16.497351,-68.125448
2021-12-07,la paz,871,MARTHA GOMEZ DE MACUSAYA,2102,,-16.494835,-68.142381
2021-12-07,la paz,873,RIDOS MOCHILAS,2104,,-16.494618,-68.104962
2021-12-08,la paz,875,SILVIA EUGENIA VELARDE QUISPE,2108,,-16.498492,-68.113783
2021-12-08,la paz,875,SILVIA EUGENIA VELARDE QUISPE,2109,YANACA,-16.496980,-68.137827
2021-12-08,la paz,876,CAFE CHULUMANI GENARO RAMOS,2110,,-16.382178,-67.597048
2021-12-08,la paz,876,CAFE CHULUMANI GENARO RAMOS,2111,CAFE CHULUMANI GENARO RAMOS,-16.545377,-68.072257
2021-12-08,la paz,877,E&M MODA EN JEANS,2112,,-16.502065,-68.135528
2021-12-10,la paz,877,E&M MODA EN JEANS,2138,E&M MODA EN JEANS,-16.498165,-68.135528
2021-12-09,la paz,878,LA LECHERÍA,2113,,-16.515501,-68.113451
2021-12-14,la paz,879,GRANJA AVICOLA INTEGRAL SOFIA LTDA.,2121,"Sofia al Paso, Achumani",-16.534136,-68.075267
2021-12-14,la paz,879,GRANJA AVICOLA INTEGRAL SOFIA LTDA.,2122,"Sofia al Paso, Calacoto",-16.539099,-68.079065
2021-12-09,la paz,881,ELMER GODOLFREDO HAASE,2117,,-16.543662,-68.171810
2021-12-09,la paz,882,CREACIONES STELLA,2119,,-16.498127,-68.135440
2021-12-09,la paz,884,CHICKS - THE CHINKEN REVOLUTION,2128,,-16.491928,-68.124754
2021-12-09,la paz,885,ANGEL CARMELO VALENCIA SIRPA,2132,,-16.496365,-68.134251
2021-12-09,la paz,888,HEIDY ESTRADA QUISPE,2136,CAMPO FERIAL CHUQUIAGO MARKA,-16.537902,-68.096091
2021-12-10,la paz,891,HORTICOLASCHUI,2170,,-16.484616,-68.175278
2021-12-10,la paz,891,HORTICOLASCHUI,2171,HORTICOLAS CHUI,-16.484637,-68.175281
2021-12-10,la paz,892,CALVARONE S.R.L.,2172,,-16.493912,-68.139515
2021-12-11,la paz,892,CALVARONE S.R.L.,2181,Calle figueroa ,-16.494515,-68.138295
2021-12-10,la paz,893,RODOLFO CONDORI VILLCA,2173,,-16.511453,-68.143266
2021-12-10,la paz,893,RODOLFO CONDORI VILLCA,2174,KAMALU,-16.499148,-68.134243
2021-12-18,la paz,893,RODOLFO CONDORI VILLCA,2308,Campo ferial Chuquiago Marka,-16.537790,-68.096099
2021-12-10,la paz,894,Regalos Ami,2175,,-16.498103,-68.135459
2021-12-10,la paz,895,AGROINDUSTRIAS NATIVAS IMPORT - EXPORT AGRONAT S.A.,2176,,-16.504561,-68.135726
2021-12-11,la paz,896,CALZADOS MIRANDA,2184,,-16.495236,-68.143682
2021-12-11,la paz,897,"GRISELDA SOLEDAD PEREZ ALBERTO (CALZADOS PARA NIÑAS, NIÑOS Y ROPA)",2186,,-16.494660,-68.142440
2021-12-14,la paz,900,NICOL KATHERIN CELIS RALDE,2202,,-16.485315,-68.157737
2021-12-14,la paz,900,NICOL KATHERIN CELIS RALDE,2203,NICOL KATHERIN CELIS RALDE,-16.497389,-68.135257
2021-12-14,la paz,901,PAOLA CHOQUE ORTIZ,2204,,-16.439733,-68.142671
2021-12-15,la paz,907,COMPA�IA DE ALIMENTOS LECHE Y MIEL S.R.L.,2217,,-16.826889,-68.667984
2021-12-16,la paz,907,COMPA�IA DE ALIMENTOS LECHE Y MIEL S.R.L.,2269,Curva de Holguin,-16.519132,-68.116246
2021-12-16,la paz,907,COMPA�IA DE ALIMENTOS LECHE Y MIEL S.R.L.,2270,Los Pinos,-16.545201,-68.074768
2021-12-16,la paz,907,COMPA�IA DE ALIMENTOS LECHE Y MIEL S.R.L.,2271,Calle Comercio,-16.495108,-68.135472
2021-12-16,la paz,907,COMPA�IA DE ALIMENTOS LECHE Y MIEL S.R.L.,2272,Sopocachi,-16.514817,-68.130247
2021-12-16,la paz,907,COMPA�IA DE ALIMENTOS LECHE Y MIEL S.R.L.,2273,Morada,-16.500030,-68.135064
2021-12-16,la paz,907,COMPA�IA DE ALIMENTOS LECHE Y MIEL S.R.L.,2274,Naranja,-16.484656,-68.122205
2021-12-16,la paz,907,COMPA�IA DE ALIMENTOS LECHE Y MIEL S.R.L.,2249,ARCE EDIFICIO LOS ANGELES,-16.510410,-68.122889
2021-12-16,la paz,907,COMPA�IA DE ALIMENTOS LECHE Y MIEL S.R.L.,2261,EL PRADO,-16.499819,-68.134206
2021-12-29,la paz,907,COMPA�IA DE ALIMENTOS LECHE Y MIEL S.R.L.,2416,PRADO II,-16.501136,-68.133449
2021-12-15,la paz,909,"""VILLA IMPERIAL INDUSTRIAL S.R.L.""",2219,,-16.546972,-68.179353
2021-12-15,la paz,909,"""VILLA IMPERIAL INDUSTRIAL S.R.L.""",2220,SOCABAYA,-16.496225,-68.135333
2021-12-15,la paz,909,"""VILLA IMPERIAL INDUSTRIAL S.R.L.""",2221,Montenegro,-16.540273,-68.078610
2021-12-15,la paz,909,"""VILLA IMPERIAL INDUSTRIAL S.R.L.""",2222,Torres Mall,-16.509343,-68.123201
2021-12-15,la paz,909,"""VILLA IMPERIAL INDUSTRIAL S.R.L.""",2225,Cielo Mall,-16.516384,-68.165778
2021-12-15,la paz,909,"""VILLA IMPERIAL INDUSTRIAL S.R.L.""",2226,Gran Plaza Hipermaxi,-16.527259,-68.148013
2021-12-15,la paz,910,RUTH NEYDI MARINE CALLE,2223,,-16.581079,-68.166902
2021-12-15,la paz,910,RUTH NEYDI MARINE CALLE,2224,A TODA LLAMA,-16.581170,-68.167073
2021-12-16,la paz,910,RUTH NEYDI MARINE CALLE,2278,Ciudad Satélite,-16.523979,-68.150170
2021-12-15,la paz,911,KANTUTA BOLIVIA,2230,,-16.496832,-68.138682
2021-12-16,la paz,911,KANTUTA BOLIVIA,2268,SUCURSAL 1,-16.496828,-68.138685
2021-12-15,la paz,916,OVIO JEANS LA PAZ,2237,,-16.496863,-68.134181
2021-12-16,la paz,916,OVIO JEANS LA PAZ,2276,Ovio Jeans La Paz,-16.496871,-68.134203
2021-12-16,la paz,918,GRUPO EDUCATIVO IDEAS,2245,,-16.510046,-68.112994
2021-12-16,la paz,919,Omar Roberto Flores Lecoña,2246,,-16.494376,-68.139120
2021-12-16,la paz,921,PRO SOL,2248,,-16.523753,-68.214609
2021-12-17,la paz,921,PRO SOL,2291,Tembladerani,-16.514911,-68.141549
2021-12-16,la paz,924,SABILAD,2254,,-16.488429,-68.153519
2021-12-16,la paz,925,DAYZY ALEJANDRA,2258,,-16.487633,-68.226830
2021-12-16,la paz,926,PAN INTEGRAL Y CASERO,2259,,-16.474554,-68.150304
2021-12-16,la paz,927,GEOTERMA,2265,Chuquiagomarka,-16.537086,-68.096362
2021-12-17,la paz,931,CORPORACION AGROINDUSTRIAL SUMITA LTDA.,2282,,-16.331749,-68.419961
2021-12-17,la paz,933,SERVICIO NACIONAL TEXTIL - SENATEX,2285,,-16.476646,-68.116447
2021-12-17,la paz,933,SERVICIO NACIONAL TEXTIL - SENATEX,2293,sucursal 40 lp24,-16.499920,-68.132232
2021-12-17,la paz,933,SERVICIO NACIONAL TEXTIL - SENATEX,2295,SUCURSAL 32 LP11,-16.496942,-68.134769
2021-12-17,la paz,934,CARLOS RODRIGO QUISPE SURI,2287,,-16.498054,-68.165373
2021-12-17,la paz,935,CREACIONES ADELIZ,2289,,-16.512283,-68.145061
2021-12-17,la paz,935,CREACIONES ADELIZ,2290,CREACIONES ADELIZ,-16.512294,-68.145101
2021-12-17,la paz,938,CALZADOS CRHISTOPH,2298,,-16.497943,-68.155332
2021-12-18,la paz,941,MAKOBA,2305,MAKOBA,-16.494452,-68.138326
2021-12-18,la paz,941,MAKOBA,2304,,-16.494440,-68.138296
2021-12-18,la paz,942,ANDRÉ ANTONIO ALDUNATE VIDAURRE,2306,,-16.512975,-68.132339
2021-12-18,la paz,945,DUNCAN,2311,,-16.518758,-68.107654
2021-12-18,la paz,945,DUNCAN,2312,DUNCAN,-16.518744,-68.107695
2021-12-18,la paz,946,"ALIANZA NUEZ AMAZONICA ""A.N.A. S.R.L.""",2313,,-16.519965,-68.133122
2021-12-18,la paz,946,"ALIANZA NUEZ AMAZONICA ""A.N.A. S.R.L.""",2314,ANA SRL,-16.503993,-68.131566
2021-12-18,la paz,949,AGUAS DEL HOREB S.R.L.,2319,,-16.404470,-68.186646
2021-12-23,la paz,949,AGUAS DEL HOREB S.R.L.,2357,Ministerio de comunicación,-16.497435,-68.136301
2021-12-24,la paz,949,AGUAS DEL HOREB S.R.L.,2375,Casa grande del Pueblo,-16.499385,-68.138669
2021-12-20,la paz,953,SUMA AMPARA ARTESANIAS,2327,,-16.506253,-68.110830
2021-12-21,la paz,956,HELADOS SAN DIEGO,2337,,-16.474110,-68.149618
2021-12-21,la paz,960,UN GUSTITO FRUTITA DESHIDRATADA,2341,,-16.479240,-68.144680
2021-12-21,la paz,960,UN GUSTITO FRUTITA DESHIDRATADA,2342,UN GUSTITO FRUTITAS DESHIDRATADAS,-16.479205,-68.144779
2021-12-22,la paz,962,EDDY ACHO CONDORI,2347,,-16.482567,-68.185296
2021-12-22,la paz,963,ROMER FRANZ TROCHE GUTIERREZ,2348,,-16.495076,-68.143599
2021-12-22,la paz,968,PROCESADORA DE ALIMENTOS DONLUCHO S.R.L.,2355,,-16.519835,-68.214097
2021-12-23,la paz,970,GABINO SUXO CHURA,2358,,-16.536812,-68.096218
2021-12-23,la paz,971,RIFOL,2359,,-16.493869,-68.144626
2021-12-23,la paz,971,RIFOL,2360,RIFOL,-16.493870,-68.144586
2021-12-23,la paz,973,GAV SPORT S.R.L.,2363,,-16.487947,-68.179412
2021-12-23,la paz,973,GAV SPORT S.R.L.,2364,GAV SPORT SRL,-16.495568,-68.136357
2021-12-24,la paz,975,JOYERIA VIERZIG,2372,,-16.490341,-68.156168
2021-12-24,la paz,975,JOYERIA VIERZIG,2373,JOYERIA VIERZIG,-16.490491,-68.156098
2021-12-24,la paz,977,JHORDANA YARARI MARCONI,2376,,-16.459988,-68.151031
2021-12-24,la paz,979,CMTEX,2380,,-16.510687,-68.123531
2021-12-24,la paz,979,CMTEX,2381,Tikay Wear,-16.537790,-68.096045
2021-12-24,la paz,980,WASKAR FERNANDO ROZO TICONA,2382,,-16.531824,-68.178559
2021-12-24,la paz,981,MARCELA BAUTISTA SIÑANI,2383,,-16.483230,-68.208656
2021-12-24,la paz,982,ARTE Y PUNTO,2384,,-16.524717,-68.143341
2021-12-24,la paz,983,YACIMIENTOS DE LITIO BOLIVIANOS,2385,,,
2021-12-24,la paz,983,YACIMIENTOS DE LITIO BOLIVIANOS,2386,YACIMIENTOS DE LITIO BOLIVIANOS,-16.497049,-68.136137
2021-12-25,la paz,986,EMPRESA PUBLICA PRODUCTIVA CARTONES DE BOLIVIA,2395,TIENDA EXPRESS,-16.521415,-68.165675
2021-12-24,la paz,987,JOYAS XIME,2391,,-16.537042,-68.155518
2021-12-28,la paz,989,ARTESANIAS MUNATA,2401,,-16.493605,-68.093007
2021-12-28,la paz,989,ARTESANIAS MUNATA,2402,"GALERIA ""MADE IN BOLIVIA""",-16.497386,-68.135209
2021-12-28,la paz,990,TEJIDOS MAYA,2403,,-16.495133,-68.204128
2021-12-29,la paz,995,CALZADOS MUJER BONITA,2413,,-16.499167,-68.134257
2021-12-29,la paz,995,CALZADOS MUJER BONITA,2414,CALZADOS MUJER BONITA,-16.499168,-68.134259
2021-12-30,la paz,997,CENTRAL DE COOPERATIVAS EL CEIBO RL,2418,AGENCIA 1,-16.502998,-68.163420
2021-12-30,la paz,997,CENTRAL DE COOPERATIVAS EL CEIBO RL,2420,AGENCIA 2,-16.496685,-68.134194
2021-12-30,la paz,997,CENTRAL DE COOPERATIVAS EL CEIBO RL,2421,AGENCIA 3,-16.503817,-68.132933
2021-12-30,la paz,997,CENTRAL DE COOPERATIVAS EL CEIBO RL,2422,Agencia 4,-16.496597,-68.119642
2021-12-30,la paz,997,CENTRAL DE COOPERATIVAS EL CEIBO RL,2424,,-16.502971,-68.163437
2021-12-30,la paz,998,NAYRA WARA (PASTELERIA Y CAFETERIA),2428,,-16.528142,-68.225269
2021-12-30,la paz,999,ENVIBOL,2429,,-16.515608,-68.135471
2021-12-30,la paz,1001,LOZA & C,2433,,-16.496563,-68.145820
2021-11-21,oruro,588,COMPAÑIA DE ALIMENTOS LTDA.,1327,Ag. Oruro,-17.960805,-67.109902
2021-11-21,oruro,588,COMPAÑIA DE ALIMENTOS LTDA.,1551,Ag. Oruro Central,-17.969464,-67.110283
2021-11-21,oruro,589,PIL ANDINA S.A.,1339,BODEGA-POS ORURO OR BO49,-17.972109,-67.106690
2021-11-21,oruro,589,PIL ANDINA S.A.,1377,OR BODEGA AVAROA Bpil Oru-01 / BO48,-17.986973,-67.113990
2021-11-21,oruro,589,PIL ANDINA S.A.,1378,OR BODEGA BOLIVAR  Bpil Oru-02 / BO45,-17.970027,-67.114880
2021-11-21,oruro,589,PIL ANDINA S.A.,1379,OR BODEGA ESPAÑA Bpil Oru-03 / BO46,-17.978314,-67.134004
2021-11-21,oruro,589,PIL ANDINA S.A.,1380,OR BODEGA AL VALLE Bpil Oru-04 / BO47,-17.945012,-67.103878
2021-11-21,oruro,589,PIL ANDINA S.A.,1381,OR BODEGA CASCO Bpil Oru-05 / BB41,-17.930048,-67.117879
2021-11-21,oruro,589,PIL ANDINA S.A.,1382,OR BODEGA SEBASTIAN PAGADOR Bpil Oru-06 / BB42,-17.951110,-67.111393
2021-11-21,oruro,589,PIL ANDINA S.A.,1383,OR BODEGA KANTUTA Bpil Oru-07 / BB43,-17.949181,-67.102901
2021-11-21,oruro,589,PIL ANDINA S.A.,1384,OR BODEGA MAX FERNANDEZ Bpil Oru-08 / BB44,-17.968889,-67.098063
2021-11-24,oruro,589,PIL ANDINA S.A.,1914,Oru CALLE TARAPACA - BB45,-17.970041,-67.103816
2021-12-04,oruro,589,PIL ANDINA S.A.,2085,ORU - Calle Tarapacá BB45,-17.970099,-67.103666
2021-11-21,oruro,622,ROBERTO POLO CHUQUIMIA CAREAGA,1494,6 de Octubre,-17.968359,-67.111898
2021-11-21,oruro,639,ALPROB S.R.L.,1495,,-17.979019,-67.130850
2021-11-21,oruro,651,DEYVID ULICES CHUMACERO GARNICA,1513,,-17.978835,-67.069978
2021-12-28,oruro,655,NOVAQUIMICA S.R.L.,2406,Novaquimica SRL_Oruro,-17.971712,-67.118775
2021-11-21,oruro,774,EMAPA - EMPRESA DE APOYO A LA PRODUCCION DE ALIMENTOS,1840,Sucursal 12,-17.973661,-67.107325
2021-11-21,oruro,774,EMAPA - EMPRESA DE APOYO A LA PRODUCCION DE ALIMENTOS,1841,Sucursal 45,-17.951687,-67.104875
2021-11-23,oruro,774,EMAPA - EMPRESA DE APOYO A LA PRODUCCION DE ALIMENTOS,1887,Sucursal 55 C3,-17.974434,-67.116920
2021-11-30,oruro,846,SUPERMERCADO RED,2048,,-17.979905,-67.128552
2021-12-09,oruro,883,AGENCIA WALTER KHON DE PRODUCTOS PIL Y MICROMARQUET,2120,,-17.980824,-67.115853
2021-12-23,oruro,974,ECO CENTER THUNUPA IRUPANA,2365,,-17.970604,-67.113802
2021-12-23,oruro,974,ECO CENTER THUNUPA IRUPANA,2366,SUCURSAL 1,-17.968566,-67.112890
2021-12-23,oruro,974,ECO CENTER THUNUPA IRUPANA,2367,SUCURSAL 3,-17.978721,-67.132653
2021-12-24,oruro,986,EMPRESA PUBLICA PRODUCTIVA CARTONES DE BOLIVIA,2389,,-17.977794,-67.069318
2021-12-25,oruro,986,EMPRESA PUBLICA PRODUCTIVA CARTONES DE BOLIVIA,2397,TIENDA EXPRESS-SUCURSAL ORURO,-17.977227,-67.110327
2021-12-30,oruro,997,CENTRAL DE COOPERATIVAS EL CEIBO RL,2425,Agencia Oruro,-17.970390,-67.113215
2021-11-23,pando,774,EMAPA - EMPRESA DE APOYO A LA PRODUCCION DE ALIMENTOS,1894,Sucursal 106,-11.032917,-68.761381
2021-12-09,pando,886,"IMPORT.EXPORT."" ANTONY ROSS """,2133,,-11.021061,-68.755617
2021-12-10,pando,890,ALMASOLG SRL,2167,,-11.026372,-68.759080
2021-12-10,pando,890,ALMASOLG SRL,2168,AGENCIA BRIGADA ,-11.038096,-68.770388
2021-12-10,pando,890,ALMASOLG SRL,2169,AGENCIA STADIUM ,-11.026406,-68.759034
2021-11-21,potosi,589,PIL ANDINA S.A.,1389,PT BODEGA LITORAL Bpil PTS-01 / BO56,-19.580341,-65.753986
2021-11-21,potosi,589,PIL ANDINA S.A.,1390,PT BODEGA CENTRAL Bpil PTS-02 / BO57,-19.587735,-65.754839
2021-11-21,potosi,589,PIL ANDINA S.A.,1391,PT BODEGA 3 Bpil PTS-03 / BO58,-19.588418,-65.756175
2021-11-21,potosi,589,PIL ANDINA S.A.,1392,PT BODEGA 4 Bpil PTS-04 / BO59,-19.577071,-65.765439
2021-12-04,potosi,589,PIL ANDINA S.A.,2088,POT- Bodega C. CHUQUISACA BB52,-19.589845,-65.748233
2021-12-07,potosi,589,PIL ANDINA S.A.,1915,Pot Calle Sanjinés - BO59,-19.576769,-65.765096
2021-11-21,potosi,774,EMAPA - EMPRESA DE APOYO A LA PRODUCCION DE ALIMENTOS,1842,Sucursal 9,-19.587906,-65.758493
2021-11-23,potosi,774,EMAPA - EMPRESA DE APOYO A LA PRODUCCION DE ALIMENTOS,1888,Sucursal 77,-19.566385,-65.768054
2021-11-23,potosi,774,EMAPA - EMPRESA DE APOYO A LA PRODUCCION DE ALIMENTOS,1889,Sucursal 87,-19.577086,-65.752002
2021-11-23,potosi,774,EMAPA - EMPRESA DE APOYO A LA PRODUCCION DE ALIMENTOS,1895,Sucursal 105,-18.423048,-66.578860
2021-12-10,potosi,889,"SUPERMERCADO ""PAVEL"" - POTOSI",2166,,-19.582642,-65.753198
2021-12-15,potosi,904,SUPERMERCADO DEL SUR LTDA,2213,,-19.592512,-65.751452
2021-11-27,santa cruz,585,"""PROALBO"" PRODUCTOS ALIMENTICIOS BOLIVIANOS S.R.L.",2009,Tercer Anillo - Zoológico Municipal,-17.759838,-63.189966
2021-11-21,santa cruz,587,WIPHAL S.R.L.,1879,Centro comercial Copacabana,-17.790083,-63.147006
2021-11-21,santa cruz,587,WIPHAL S.R.L.,1292,Pollos JAJA,-17.793343,-63.187504
2021-11-21,santa cruz,587,WIPHAL S.R.L.,1286,,-17.870323,-63.143170
2021-11-21,santa cruz,587,WIPHAL S.R.L.,1577,"Av. Cumavi 5to anillo, feria Mañanera",-17.791270,-63.144455
2021-11-21,santa cruz,587,WIPHAL S.R.L.,1878,CENTRO Comercial INDANA,-17.792845,-63.205417
2021-12-10,santa cruz,587,WIPHAL MODA & ESTILO,2177,Plan 3000 ,-17.824223,-63.132478
2021-12-10,santa cruz,587,WIPHAL MODA & ESTILO,2178,NUEVA RAMADA,-17.838237,-63.214624
2021-12-10,santa cruz,587,WIPHAL MODA & ESTILO,2179,Warnes Feria de los Jueves,-17.510271,-63.158673
2021-12-10,santa cruz,587,WIPHAL MODA & ESTILO,2180,MONTERO FERIA DE LOS DOMINGOS,-17.348234,-63.244911
2021-11-21,santa cruz,588,COMPAÑIA DE ALIMENTOS LTDA.,1324,Ag. Cotoca,-17.764287,-62.995651
2021-11-21,santa cruz,588,COMPAÑIA DE ALIMENTOS LTDA.,1325,Ag. Nuevo Palmar,-17.856235,-63.177886
2021-11-21,santa cruz,588,COMPAÑIA DE ALIMENTOS LTDA.,1332,Ag. Urubo,-17.763305,-63.235829
2021-11-21,santa cruz,588,COMPAÑIA DE ALIMENTOS LTDA.,1326,Ag. Tercer Anillo,-17.759879,-63.189977
2021-11-21,santa cruz,589,PIL ANDINA S.A.,1411,SCZ BODEGA MDO. PARAISO BPIL SCZ - 18 /  BR34,-17.853716,-63.199400
2021-11-21,santa cruz,589,PIL ANDINA S.A.,1335,Pil Express  SCZ BOF3,-17.743514,-63.165882
2021-11-21,santa cruz,589,PIL ANDINA S.A.,1336,Pos Warnes SCZ BO35,-17.532226,-63.161064
2021-11-21,santa cruz,589,PIL ANDINA S.A.,1395,SCZ BODEGA MALL VENTURA BPil SCZ-01 / BO36,-17.753718,-63.196699
2021-11-21,santa cruz,589,PIL ANDINA S.A.,1396,SCZ BODEGA MDO. VILLA 1 DE MAYO BPil SCZ-02 / BO37,-17.798498,-63.132449
2021-11-21,santa cruz,589,PIL ANDINA S.A.,1397,SCZ BODEGA MDO. PRIMAVERA BPil SCZ-03 / BO38,-17.823861,-63.164780
2021-11-21,santa cruz,589,PIL ANDINA S.A.,1398,SCZ BODEGA MDO. ALTO SAN PEDRO BPil SCZ-04 / BO39,-17.810531,-63.189735
2021-11-21,santa cruz,589,PIL ANDINA S.A.,1399,SCZ BODEGA CENTRO BPil SCZ-05 / BB31,-17.788670,-63.184066
2021-11-21,santa cruz,589,PIL ANDINA S.A.,1400,SCZ BODEGA BANZER 7MO Y 8VO ANILLO BPil SCZ-06 / B,-17.721603,-63.163779
2021-11-21,santa cruz,589,PIL ANDINA S.A.,1401,SCZ BODEGA BANZER 4TO Y 5TO ANILLO  BPil SCZ-07 / ,-17.746284,-63.173570
2021-11-21,santa cruz,589,PIL ANDINA S.A.,1402,SCZ BODEGA ZONA RAMADA BPIL SCZ - 09 / BB35,-17.788762,-63.190980
2021-11-21,santa cruz,589,PIL ANDINA S.A.,1403,SCZ BODEGA SUR SANTOS DUMONT BPIL SCZ - 10 / BB36,-17.815516,-63.183438
2021-11-21,santa cruz,589,PIL ANDINA S.A.,1404,SCZ BODEGA LOS SEVILLAS BPIL SCZ - 11 / BB37,-17.681415,-63.148695
2021-11-21,santa cruz,589,PIL ANDINA S.A.,1405,SCZ BODEGA MDO. LA RAMADA BPIL SCZ - 12 / BB38,-17.795637,-63.190680
2021-11-21,santa cruz,589,PIL ANDINA S.A.,1406,SCZ BODEGA MDO. LA RAMADA BPIL SCZ - 13 / BB39,-17.795581,-63.190562
2021-11-21,santa cruz,589,PIL ANDINA S.A.,1407,SCZ MERCADO BELEN BPIL SCZ - 14 / BB30,-17.754750,-63.187783
2021-11-21,santa cruz,589,PIL ANDINA S.A.,1408,SCZ BODEGA MDO. SAN ANTONIO BPIL SCZ - 15 / BR31,-17.825862,-63.227581
2021-11-21,santa cruz,589,PIL ANDINA S.A.,1409,SCZ BODEGA MDO. SAN ANTONIO BPIL SCZ - 16 / BR32,-17.826787,-63.227640
2021-11-21,santa cruz,589,PIL ANDINA S.A.,1410,SCZ BODEGA MDO. LOS LOTES BPIL SCZ - 17 /  BR33,-17.870144,-63.164941
2021-11-21,santa cruz,589,PIL ANDINA S.A.,1412,SCZ BODEGA MDO. SAN ANTONIO BPIL SCZ - 19 /  BR35,-17.826755,-63.226814
2021-11-21,santa cruz,589,PIL ANDINA S.A.,1413,SCZ BODEGA MDO. MUTUALISTA BPIL SCZ - 20 /  BR36,-17.765193,-63.160682
2021-11-21,santa cruz,589,PIL ANDINA S.A.,1478,SCZ BODEGA MDO. PALMAR /,-17.870352,-63.163984
2021-11-21,santa cruz,589,PIL ANDINA S.A.,1479,SCZ BODEGA MIGUEL DE CERVANTES /,-17.854055,-63.199488
2021-11-21,santa cruz,589,PIL ANDINA S.A.,1480,SCZ BODEGA COMERCIAL MUTUALISTA /,-17.765238,-63.160719
2021-11-21,santa cruz,589,PIL ANDINA S.A.,1481,SCZ BODEGA MDO. SANTA CRUZ /,-17.850384,-63.181117
2021-11-21,santa cruz,589,PIL ANDINA S.A.,1482,SCZ BODEGA MDO. PLAN 3000 /,-17.822680,-63.146430
2021-11-21,santa cruz,589,PIL ANDINA S.A.,1483,SCZ BODEGA MDO LAS PAMPITAS /,-17.769538,-63.122919
2021-11-21,santa cruz,589,PIL ANDINA S.A.,1484,SCZ BODEGA ISABEL LA CATOLICA /,-17.793803,-63.191785
2021-11-21,santa cruz,589,PIL ANDINA S.A.,1485,SCZ BODEGA NUEVO MDO. PLAN 3000 /,-17.820146,-63.147863
2021-11-21,santa cruz,589,PIL ANDINA S.A.,1486,SCZ BODEGA MDO. 1RO DE MARZO /,-17.745309,-63.118011
2021-11-21,santa cruz,589,PIL ANDINA S.A.,1487,SCZ BODEGA AV. ROCA /,-17.784803,-63.197487
2021-11-24,santa cruz,589,PIL ANDINA S.A.,1921,SCZ FRENTE MERCADO SANTA CRUZ - BR37,-17.851537,-63.182470
2021-11-24,santa cruz,589,PIL ANDINA S.A.,1922,SCZ NUEVO MERCADO PLAN 3000 PASILLO 18 - BR38,-17.822013,-63.147266
2021-11-21,santa cruz,591,JUAN CARLOS VARGAS CHOQUE,1293,,-17.731566,-63.176549
2021-11-21,santa cruz,591,JUAN CARLOS VARGAS CHOQUE,1537,Graco,-17.782402,-63.176946
2021-11-21,santa cruz,592,Diga,1294,,-17.790157,-63.146855
2021-11-21,santa cruz,593,LITHIO JEANS,1295,,-17.789815,-63.146836
2021-12-30,santa cruz,593,LITHIO MAN,2437,Feria Dominical Mercado Popular calle 1,-17.348421,-63.245432
2021-12-30,santa cruz,593,LITHIO MAN,2438,Mercado 30 de Agosto,-17.510358,-63.159022
2021-11-21,santa cruz,594,DALIA moda femenina,1296,,-17.788697,-63.149637
2021-11-21,santa cruz,595,AZAHARA JEANS,1297,,-17.789320,-63.150441
2021-11-21,santa cruz,600,VomVom Jeans,1333,,-17.789785,-63.146885
2021-12-18,santa cruz,600,VOMVOM JEANS,2322,Comercial Indana segundo piso,-17.792800,-63.205145
2021-11-21,santa cruz,601,BETTY PATRICIA TOLA PEREZ,1341,feria barrio lindo avic,-17.790022,-63.152638
2021-11-21,santa cruz,601,BETTY PATRICIA TOLA PEREZ,1342,feria barrio lindo acronal,-17.790012,-63.152649
2021-11-21,santa cruz,601,BETTY PATRICIA TOLA PEREZ,1340,,-17.813448,-63.132648
2021-11-21,santa cruz,603,FERNANDO FERNANDEZ FLORES,1416,Strong Boy Jeans ,-17.788752,-63.149393
2021-11-21,santa cruz,603,FERNANDO FERNANDEZ FLORES,1415,,-17.783502,-63.195166
2021-11-21,santa cruz,603,FERNANDO FERNANDEZ FLORES,1490,Pantalones #StrongBoyJeans ,-17.783575,-63.195221
2021-11-26,santa cruz,603,FERNANDO FERNANDEZ FLORES,1999,Nuevo Mercado Plan 3000 pasillo 35,-17.821841,-63.145111
2021-11-29,santa cruz,603,FERNANDO FERNANDEZ FLORES,2042,"Nuevo Mercado La Ramada, bloque 7,casillo 11.",-17.836373,-63.214109
2021-11-21,santa cruz,604,ERWIN MICHEL OROCONDO ZEPITA - POLERAS CASUALES,1417,,-17.790428,-63.152949
2021-11-21,santa cruz,605,Paulo Enrique packo avalos,1418,,-17.792739,-63.205063
2021-11-21,santa cruz,606,MODA YUREM,1419,,-17.787731,-63.147829
2021-11-21,santa cruz,607,richard martinez,1420,,-17.820731,-63.182588
2021-11-21,santa cruz,608,JOSE YUJRA LOPEZ,1421,,-17.847571,-63.246260
2021-11-21,santa cruz,608,JOSE YUJRA LOPEZ,1434,sucursal 1,-17.789821,-63.146879
2021-11-21,santa cruz,608,JOSE YUJRA LOPEZ,1435,sucursal 2,-17.789315,-63.151799
2021-11-21,santa cruz,609,LIDER SPORT,1422,,-17.807049,-63.110086
2021-11-21,santa cruz,610,POLERAS Y ROPAS EN GENERAL-ROMITALE,1424,,-17.777808,-63.209687
2021-12-10,santa cruz,610,POLERAS Y ROPAS EN GENERAL-ROMITALEX,2139,COMERCIAL INDANA TERCER PISO,-17.792818,-63.205510
2021-12-10,santa cruz,610,POLERAS Y ROPAS EN GENERAL-ROMITALEX,2140,VENTA A PEDIDO,-17.728251,-63.170719
2021-12-10,santa cruz,610,POLERAS Y ROPAS EN GENERAL-ROMITALEX,2145,SOLO A PEDIDO ,-17.728267,-63.170671
2021-11-21,santa cruz,611,MIS TOXICA JEANS,1425,,-17.789846,-63.146681
2021-11-21,santa cruz,615,Rosalio Choquenaira Paco,1433,,-17.790071,-63.146815
2021-11-21,santa cruz,616,Ivan Huayta Quique,1436,,-17.772970,-63.210703
2021-11-21,santa cruz,616,Ivan Huayta Quique,1438,Feria Mercado Campesino día jueves,-17.511166,-63.158786
2021-11-21,santa cruz,616,Ivan Huayta Quique,1439,Feria dominical cuatro cañadas ,-17.267130,-62.555420
2021-11-21,santa cruz,616,Ivan Huayta Quique,1440,Mañanero feria Barriolindo (miercoles y sabado) ,-17.792974,-63.144229
2021-11-21,santa cruz,616,Ivan Huayta Quique,1437,PAILON ,-17.662266,-62.720566
2021-11-21,santa cruz,617,Carlos Yujra Tintaya,1441,,-17.787363,-63.148269
2021-11-21,santa cruz,621,GILE ROXANA TOLA PEREZ,1447,,-17.882372,-62.943249
2021-12-06,santa cruz,621,GILE ROXANA TOLA PEREZ,2100,Centro comercial Copacabana ,-17.790009,-63.146704
2021-11-21,santa cruz,622,ROBERTO POLO CHUQUIMIA CAREAGA,1452,,-17.761944,-63.187182
2021-11-21,santa cruz,625,ABARRROTE - PRECIO Y PESO JUSTO,1455,,-17.812391,-63.219803
2021-11-21,santa cruz,625,ABARRROTE - PRECIO Y PESO JUSTO,1463,Precio y peso justo ,-17.840887,-63.180312
2021-11-21,santa cruz,625,ABARRROTE - PRECIO Y PESO JUSTO,1492,Precio justo Moscú ,-17.846288,-63.215755
2021-11-21,santa cruz,628,JAVIER MIRANDA CORTEZ,1461,Poleras,-17.880942,-63.243468
2021-11-21,santa cruz,628,JAVIER MIRANDA CORTEZ,1460,,-17.836991,-63.182330
2021-11-21,santa cruz,632,FOINPRO,1467,,-17.818055,-63.196374
2021-11-21,santa cruz,635,ANGELO GUSTAVO CONDORI LEQUIPE,1472,Comercial indana ,-17.792872,-63.205258
2021-11-21,santa cruz,635,ANGELO GUSTAVO CONDORI LEQUIPE,1471,,-17.852813,-63.245337
2021-11-21,santa cruz,642,J & R FIERROS Y PLANTAS,1500,,-16.378816,-60.962158
2021-12-14,santa cruz,642,J & R FIERROS Y PLANTAS,2198,Mercado Abasto Nuevo ,-17.841758,-63.232246
2021-11-21,santa cruz,655,NOVAQUIMICA S.R.L.,1521,,-17.743496,-63.136845
2021-12-17,santa cruz,655,NOVAQUIMICA S.R.L.,2280,Comercial Indana,-17.792825,-63.204716
2021-12-01,santa cruz,668,SOCIEDAD INDUSTRIAL MOLINERA S.A. SIMSA,2051,SIMSA Santa Cruz,-17.751946,-63.137677
2021-11-21,santa cruz,675,AMERICAN TRADING COMPANI S.R.L.,1554,,-17.757700,-63.142663
2021-11-23,santa cruz,675,AMERICAN TRADING COMPANI S.R.L.,1883,FAMILIES RETAIL STORE ,-17.793309,-63.205852
2021-11-25,santa cruz,675,AMERICAN TRADING COMPANI S.R.L.,1961,LA FABRICA,-17.757741,-63.142749
2021-11-25,santa cruz,675,AMERICAN TRADING COMPANI S.R.L.,1965,"COMERCIAL ""LA FORTUNA""",-17.790012,-63.152688
2021-12-28,santa cruz,688,G CASA CLUB,2407,COMERCIAL INDANA,-17.792866,-63.204845
2021-11-21,santa cruz,693,Stephanny Terrazas Padilla,1579,,-17.807406,-63.182274
2021-11-21,santa cruz,693,Stephanny Terrazas Padilla,1580,Taller,-17.807473,-63.182311
2021-11-21,santa cruz,693,Stephanny Terrazas Padilla,1581,FERIA BARRIO LINDO ,-17.790894,-63.154127
2021-11-21,santa cruz,694,JOCELINE MURGUIA CHAMAS,1583,Familie Retail Store,-17.794045,-63.205931
2021-11-21,santa cruz,694,JOCELINE MURGUIA CHAMAS,1582,,-17.758271,-63.182167
2021-11-21,santa cruz,697,SERGIO CASTRO ROJAS,1599,,-17.798790,-63.117560
2021-11-21,santa cruz,697,SERGIO CASTRO ROJAS,1610,tienda zaiser 2,-17.790815,-63.154147
2021-11-21,santa cruz,699,FLORES JEANS,1695,,-17.789893,-63.146973
2021-11-21,santa cruz,704,DIXES - PANTALONES DE VESTIR,1768,feria barrio lindo,-17.789083,-63.148636
2021-11-21,santa cruz,704,DIXES - PANTALONES DE VESTIR,1704,,-17.820044,-63.101222
2021-11-21,santa cruz,741,SOLO BOLIVIANO,1758,,-17.791894,-63.208055
2021-12-18,santa cruz,741,SOLO BOLIVIANO,2300,SOLO BOLIVIANO INDANA,-17.792901,-63.205706
2021-12-18,santa cruz,741,SOLO BOLIVIANO,1759,SOLO BOLIVIANO,-17.792569,-63.207937
2021-11-21,santa cruz,754,ANDRES GONZALES PINEDO,1784,,-17.780081,-63.159349
2021-11-21,santa cruz,754,ANDRES GONZALES PINEDO,1786,Calzados Sarai,-17.789823,-63.155478
2021-12-15,santa cruz,754,ANDRES GONZALES PINEDO,2243,CALZADOS SARAI,-17.792832,-63.205167
2021-11-21,santa cruz,759,NELSON SOLIZ GARCÍA,1791,,-17.876981,-62.965479
2021-11-21,santa cruz,759,NELSON SOLIZ GARCÍA,1792,Comercial tiluchi caseta c92,-17.790852,-63.154768
2021-11-21,santa cruz,766,OSADIA,1804,,-17.814020,-63.191208
2021-11-21,santa cruz,774,EMAPA - EMPRESA DE APOYO A LA PRODUCCION DE ALIMENTOS,1816,SUPER EMAPA 79,-17.809460,-63.140853
2021-11-22,santa cruz,794,MISS PICS,1882,Miss Pics SCZ,-17.756873,-63.157673
2021-12-02,santa cruz,802,(STEGE - TORITO) SOCIEDAD COMERCIAL AGROPECUARIA TUSEQUIS LTDA.,2053,Stege Santa Cruz,-17.766151,-63.171739
2021-11-24,santa cruz,803,BIOTIKA,1931,,-17.791899,-63.208031
2021-12-18,santa cruz,803,BIOTIKA,2302,BIOTIKA INDANA,-17.792901,-63.205700
2021-11-25,santa cruz,807,CREACIONES TEXTILES (KAYAK),1951,FAMILIES RETAIL STORE SRL(comercial indana),-17.793363,-63.205824
2021-11-25,santa cruz,807,CREACIONES TEXTILES (KAYAK),1956,LA FABRICA,-17.757734,-63.142813
2021-11-25,santa cruz,807,CREACIONES TEXTILES (KAYAK),1959,"COMERCIAL "" LA FORTUNA""",-17.789999,-63.152691
2021-11-25,santa cruz,809,GRISEL YOVANA CAPIA QUELCA- EXXO,1971,vip center tiago,-17.789816,-63.147191
2021-11-25,santa cruz,809,GRISEL YOVANA CAPIA QUELCA- EXXO,1950,,-17.789802,-63.147226
2021-11-25,santa cruz,809,GRISEL YOVANA CAPIA QUELCA- EXXO,1966,Ramada,-17.793724,-63.189062
2021-11-27,santa cruz,833,GRUPO CASERES,2019,,-17.793186,-63.227351
2021-12-14,santa cruz,833,GRUPO CASERES,2207,INDANA,-17.792900,-63.204871
2021-11-28,santa cruz,843,ANA MARIA COCA JIMENEZ,2041,,-17.844956,-63.222386
2021-12-15,santa cruz,843,ANA MARIA COCA JIMENEZ,2244,Feria Barrio Lindo,-17.788024,-63.152189
2021-12-24,santa cruz,843,ANA MARIA COCA JIMENEZ,2392,Feria barrio lindo Com/La Fortuna Pasillo R L16 ,-17.787964,-63.152903
2021-12-01,santa cruz,847,Gregorio Iquize Juaniquina,2049,,-17.731342,-63.176519
2021-12-02,santa cruz,854,Mayda Brigit Huanca Soliz,2067,,-17.789862,-63.146821
2021-12-02,santa cruz,855,SABINO QUISBERT,2069,,-17.600359,-63.120737
2021-12-03,santa cruz,864,Alvaro Choquenaira,2082,,-17.404197,-63.885906
2021-12-05,santa cruz,869,Anai Dania Perez Cruz,2098,,-17.790111,-63.094346
2021-12-07,santa cruz,872,SUPERMERCADO TOCALE S.R.L.,2103,,-18.965633,-57.798380
2021-12-09,santa cruz,887,celestino cerdano mamani,2134,,-17.801465,-63.137622
2021-12-11,santa cruz,887,celestino cerdano mamani,2185,Acronal 3,-17.789968,-63.152223
2021-12-27,santa cruz,887,celestino cerdano mamani,2399,Maquio,-17.788418,-63.148915
2021-12-14,santa cruz,898,Black Sheep,2197,,-17.792891,-63.205127
2021-12-15,santa cruz,905,TITANIUM DENIN,2214,,-17.789912,-63.146515
2021-12-15,santa cruz,906,rosemary choque de valenzuela,2215,,-17.791021,-63.154513
2021-12-15,santa cruz,906,rosemary choque de valenzuela,2216,,-17.775456,-63.203532
2021-12-15,santa cruz,912,GIOVANNA PAZ TENORIO,2231,,-17.808243,-63.128408
2021-12-15,santa cruz,912,GIOVANNA PAZ TENORIO,2238,Indana,-17.792826,-63.205193
2021-12-21,santa cruz,912,GIOVANNA PAZ TENORIO,2336,Santa Cruz feria barrio lindo acronal 290 bloque B,-17.787738,-63.154939
2021-12-28,santa cruz,912,GIOVANNA PAZ TENORIO,2405,Indana 2do piso,-17.792857,-63.204948
2021-12-15,santa cruz,913,VIDA SANA Productos Artesanales,2232,,-17.790188,-63.146823
2021-12-15,santa cruz,913,VIDA SANA Productos Artesanales,2234,Comercial Indana,-17.792813,-63.205515
2021-12-15,santa cruz,914,JUANITA  ARNEZ AZOGUE,2235,,-17.994106,-63.382544
2021-12-15,santa cruz,915,RUTH FERNANDEZ PADILLA,2236,,-17.815008,-63.155147
2021-12-15,santa cruz,917,COQUETT JEANS,2239,,-17.790076,-63.146898
2021-12-15,santa cruz,917,COQUETT JEANS,2240,INDANA ,-17.792921,-63.204807
2021-12-16,santa cruz,922,SOLEDAD FLORENCIA QUEZADA RAMIREZ,2252,,-17.803160,-63.156647
2021-12-16,santa cruz,923,DAYANA BELEN QUEZADA RAMIREZ,2253,,-17.849234,-63.085579
2021-12-16,santa cruz,929,KEY ALLISON KAMIUNTEN YANA,2275,,-17.789428,-63.151658
2021-12-17,santa cruz,929,KEY ALLISON KAMIUNTEN YANA,2286,Feria Barrio Lindo Bloque B,-17.788840,-63.151856
2021-12-16,santa cruz,930,CONCEPCION AMIRA CESPEDES REYES,2277,,-17.744344,-63.122200
2021-12-17,santa cruz,932,DIANA LUCY GUZMAN ORTIZ,2284,,-17.659685,-63.188231
2021-12-17,santa cruz,932,DIANA LUCY GUZMAN ORTIZ,2288,Comercial indana,-17.792731,-63.204889
2021-12-17,santa cruz,936,ANA KAREN AREVILLCA DE MONTOYA,2292,,-17.789941,-63.146812
2021-12-25,santa cruz,936,ANA KAREN AREVILLCA DE MONTOYA,2393,Comercial indana consumo lo nuestro,-17.792827,-63.205290
2021-12-25,santa cruz,936,ANA KAREN AREVILLCA DE MONTOYA,2394,Feria navideña San Ignacio de Velasco,-16.378201,-60.970387
2021-12-17,santa cruz,937,EDDY MONTOYA MAMANI-  CONFECCIONES EYD,2294,,-17.833151,-63.169925
2021-12-17,santa cruz,937,EDDY MONTOYA MAMANI-  CONFECCIONES EYD,2296,FERIA BARRIO LINDO PROMAYOR,-17.789201,-63.150989
2021-12-17,santa cruz,937,EDDY MONTOYA MAMANI-  CONFECCIONES EYD,2297,COMERCIAL INDANA,-17.792828,-63.205515
2021-12-21,santa cruz,942,ANDRÉ ANTONIO ALDUNATE VIDAURRE,2334,DOLCE VITA SANTA CRUZ,-17.807243,-63.166400
2021-12-18,santa cruz,947,FELIX OROCONDO CHANEZ,2315,,-17.788491,-63.149528
2021-12-21,santa cruz,947,FELIX OROCONDO CHANEZ,2344,Marcelina,-17.788461,-63.149479
2021-12-18,santa cruz,948,PAULA ANDREA SILVIA MUÑOZ,2317,,,
2021-12-18,santa cruz,948,PAULA ANDREA SILVIA MUÑOZ,2318,Centro Comercial Indana,-17.792976,-63.205103
2021-12-18,santa cruz,950,ABEBERLY-SERVICIOS INTEGRALES,2320,,-17.779326,-63.163404
2021-12-18,santa cruz,950,ABEBERLY-SERVICIOS INTEGRALES,2321,Centro Comercial Ciudad Indana 2do. Piso,-17.792904,-63.205521
2021-12-19,santa cruz,951,GUALBERTO HUANCA VARGAS - MARCA HUSO,2323,,-17.789105,-63.148636
2021-12-19,santa cruz,952,GUZMAN HINOJOSA ERLAN,2325,,-17.784043,-63.166151
2021-12-19,santa cruz,952,GUZMAN HINOJOSA ERLAN,2326,COMERCIAL CIUDAD INDANA 2do PISO,-17.792812,-63.205378
2021-12-22,santa cruz,961,GRECIA PATRICIA VALENZUELA CHOQUE,2345,,-17.792854,-63.205671
2021-12-22,santa cruz,961,GRECIA PATRICIA VALENZUELA CHOQUE,2346,"Centro comercial ""La Fortuna""",-17.791159,-63.154475
2021-12-25,santa cruz,986,EMPRESA PUBLICA PRODUCTIVA CARTONES DE BOLIVIA,2396,TIENDA EXPRESS-SUCURSAL SANTA CRUZ,-17.984013,-67.081588
2021-12-25,santa cruz,988,JHELEN RAMIREZ SOTO,2398,,-17.789437,-63.149883
2021-12-28,santa cruz,992,COSIMO CLOTHING,2408,,-17.792851,-63.205129
2021-12-30,santa cruz,997,CENTRAL DE COOPERATIVAS EL CEIBO RL,2426,Agencia Santa Cruz,-17.784851,-63.182456
2021-12-30,santa cruz,999,ENVIBOL,2430,Envibol Santa Cruz,-17.716712,-63.163508
2021-12-30,santa cruz,1000,JULIO GIL CLEMENTE  LUNA,2432,,-17.852538,-63.177470
2021-12-30,santa cruz,1002,EDWIN LAPACA IBARRA,2434,,-17.788374,-63.148454
2021-12-30,santa cruz,1002,EDWIN LAPACA IBARRA,2435,Aduana frente promayor,-17.788462,-63.150090
2021-12-30,santa cruz,1002,EDWIN LAPACA IBARRA,2436,Mercado Popular feria de los Domingos,-17.347976,-63.245523
2021-11-21,tarija,588,COMPAÑIA DE ALIMENTOS LTDA.,1331,Ag. Tarija,-21.536692,-64.734994
2021-11-21,tarija,589,PIL ANDINA S.A.,1393,TJ  Bpil TRJ-03 / BO78,-21.536124,-64.725944
2021-11-21,tarija,589,PIL ANDINA S.A.,1394,TJ BODEGA SILVIA LOPEZ  Bpil TRJ-02 / BO76,-21.539627,-64.712882
2021-11-21,tarija,589,PIL ANDINA S.A.,1458,TJ BODEGA ESPAÑA Bpil TRJ-01 / BO75,-21.538902,-64.720682
2021-11-21,tarija,589,PIL ANDINA S.A.,1556,TJ MADRID ENTRE EJECITO Y O`CONNOR,-21.536058,-64.726185
2021-11-21,tarija,713,GENESIS LINEA DE UNIFORMES,1720,,-21.534015,-64.727397
2021-12-15,tarija,713,GENESIS LINEA DE UNIFORMES,2212,Tienda Principal,-21.533996,-64.727395
2021-11-21,tarija,716,CREACIONES PUERTO RICO,1724,,-21.538352,-64.748562
2021-11-21,tarija,717,GLOBAL GMS,1725,,-21.536806,-64.747575
2021-11-21,tarija,718,ALIMENTOS DELACTO,1726,,-21.530566,-64.728198
2021-11-21,tarija,719,BUENO ARCE NILDA,1727,,,
2021-11-21,tarija,721,VIVIANA PATRICIA ARELLANO MALDONADO,1730,,-21.534444,-64.705103
2021-11-21,tarija,724,INDUSTRIA CEPA DORADA,1733,,-21.526915,-64.731342
2021-11-21,tarija,725,Acuña Muebles,1734,,-21.516186,-64.717030
2021-11-21,tarija,726,Lidia Esthela Machaca Juturi,1735,,-21.508363,-64.732140
2021-11-21,tarija,726,Lidia Esthela Machaca Juturi,1736,TIENDA TIERRA Y ALMA,-21.535469,-64.720320
2021-11-21,tarija,726,Lidia Esthela Machaca Juturi,1737,TIENDA LA ALANTUYA,-21.538782,-64.720491
2021-11-21,tarija,729,LISBETH MELANI GARCIA APARICIO,1741,,-21.541619,-64.697373
2021-11-21,tarija,750,PLANTA INDUSTRIALIZADORA DE LECHE TARIJA S.A.,1782,PDV3-HORACIO ALDANA,-21.534757,-64.733170
2021-11-21,tarija,750,PLANTA INDUSTRIALIZADORA DE LECHE TARIJA S.A.,1783,PDV4-GONZALO SARAVIA,-21.531943,-64.731008
2021-11-21,tarija,750,PLANTA INDUSTRIALIZADORA DE LECHE TARIJA S.A.,1775,PDV-1-EDA ZAIDA ROBLES,-21.545265,-64.706849
2021-11-21,tarija,750,PLANTA INDUSTRIALIZADORA DE LECHE TARIJA S.A.,1776,PDV-2-SANDRA FARFAN CARDOZO,-21.545374,-64.706935
2021-11-21,tarija,750,PLANTA INDUSTRIALIZADORA DE LECHE TARIJA S.A.,1773,,-21.545056,-64.706793
2021-12-21,tarija,750,PLANTA INDUSTRIALIZADORA DE LECHE TARIJA S.A.,2331,PDV-5-LILIANA OCAMPO,-21.536255,-64.721194
2021-11-21,tarija,753,Nelly Catacora Pozo,1781,,-21.539218,-64.733146
2021-11-21,tarija,774,EMAPA - EMPRESA DE APOYO A LA PRODUCCION DE ALIMENTOS,1844,Sucursal 28,-21.521303,-64.740912
2021-11-21,tarija,774,EMAPA - EMPRESA DE APOYO A LA PRODUCCION DE ALIMENTOS,1845,Sucursal 63,-22.018563,-63.684457
2021-11-24,tarija,774,EMAPA - EMPRESA DE APOYO A LA PRODUCCION DE ALIMENTOS,1920,Sucursal 98,-21.536530,-64.753885
2021-11-21,tarija,783,MARCELA TERAN VERAMENDY,1846,,-21.528090,-64.732478
2021-11-27,tarija,837,TARIJA AROMAS Y SABORES,2032,,-21.531774,-64.733271
2021-12-08,tarija,874,ANDREA MARCELA CORO HESSE,2106,,-21.535346,-64.728653
2021-12-14,tarija,899,CHAVEZ BORJA LILIANA,2200,FERTILIZER,-21.531455,-64.719480
2021-12-15,tarija,908,Lucia Martínez de Iñiguez,2218,,-21.533689,-64.709862
2021-12-18,tarija,939,PIZZA HECHA EN CASA (DELIVERY Y CONSUMO EN LOCAL),2301,,-21.533274,-64.754451
2021-12-18,tarija,943,ATAMISKY,2309,,-21.524807,-64.739221
2021-12-21,tarija,943,ATAMISKY,2343,Atamisky,-21.525029,-64.739551
2021-12-21,tarija,957,ISABEL NATHALY CUETO GIRA,2338,,-21.535546,-64.720014
2021-12-21,tarija,958,NÚTRE-T,2339,,-21.531653,-64.754204
2021-12-21,tarija,959,Escolastica Mendez Soruco,2340,,-21.515844,-64.733688
2021-12-23,tarija,969,MODA URBANA BOLIVIANA,2356,,,
2021-12-23,tarija,972,"CARNICERÍA""EL PASITO""",2368,Centro de Carnes Gareca,-21.537790,-64.723571
2021-12-23,tarija,972,"CARNICERÍA""EL PASITO""",2369,"Carnicería""El Pasito""",-21.537381,-64.723688
2021-12-29,tarija,993,CARNICERÍA MULTICARNES CHACHO ,2410,,-21.537282,-64.723817
2021-12-29,tarija,993,CARNICERÍA MULTICARNES CHACHO ,2411,Multicarnes chacho,-21.537345,-64.723746
